schedule_id,duty_id,driver_id,sequence,event_type,event_label,event_scope,line_code,direction,start_time,end_time,duration_minutes,trip_id,trip_ids,trip_count,origin_id,destination_id,vehicle_id,from_vehicle_id,to_vehicle_id,sequence_in_duty,sequence_in_bundle,explanation
435,1,1,1,duty_start,Início de jornada,driver,,,05:15,05:15,0,,,0,1,1,,,,,,
435,1,1,2,commercial_trip,Viagem,trip,1042,IDA,05:15,05:29,14,5437,5437,1,1,2,1,,,1,1,Segmento operacional agrupado com 2 viagens reais.
435,1,1,2,commercial_trip,Viagem,trip,1042,VOLTA,05:29,05:41,12,5441,5441,1,2,1,1,,,2,2,Segmento operacional agrupado com 2 viagens reais.
435,1,1,3,normal_break,Intervalo normal,driver,,,05:41,06:00,19,,,0,1,1,,1,1,,,
435,1,1,4,commercial_trip,Viagem,trip,1042,IDA,06:00,06:15,15,5451,5451,1,1,2,1,,,3,1,Segmento operacional agrupado com 2 viagens reais.
435,1,1,4,commercial_trip,Viagem,trip,1042,VOLTA,06:15,06:27,12,5457,5457,1,2,1,1,,,4,2,Segmento operacional agrupado com 2 viagens reais.
435,1,1,5,normal_break,Intervalo normal,driver,,,06:27,06:42,15,,,0,1,1,,1,1,,,
435,1,1,6,commercial_trip,Viagem,trip,1042,IDA,06:42,06:57,15,5470,5470,1,1,2,1,,,5,1,Segmento operacional agrupado com 2 viagens reais.
435,1,1,6,commercial_trip,Viagem,trip,1042,VOLTA,06:57,07:09,12,5475,5475,1,2,1,1,,,6,2,Segmento operacional agrupado com 2 viagens reais.
435,1,1,7,duty_end,Fim de jornada,driver,,,07:09,07:09,0,,,0,1,1,,,,,,
435,2,2,1,duty_start,Início de jornada,driver,,,04:20,04:20,0,,,0,1,1,,,,,,
435,2,2,2,pullout,Soltura,driver,,,04:20,04:30,10,,,0,1,1,,,,,,
435,2,2,3,commercial_trip,Viagem,trip,1067,IDA,04:30,05:06,36,5431,5431,1,1,2,2,,,1,1,Segmento operacional agrupado com 2 viagens reais.
435,2,2,3,commercial_trip,Viagem,trip,1067,VOLTA,05:06,05:31,25,5439,5439,1,2,1,2,,,2,2,Segmento operacional agrupado com 2 viagens reais.
435,2,2,4,normal_break,Intervalo normal,driver,,,05:31,05:49,18,,,0,1,1,,2,2,,,
435,2,2,5,commercial_trip,Viagem,trip,1048,IDA,05:49,06:01,12,5448,5448,1,1,2,2,,,3,1,Segmento operacional agrupado com 2 viagens reais.
435,2,2,5,commercial_trip,Viagem,trip,1048,VOLTA,06:01,06:08,7,5449,5449,1,2,1,2,,,4,2,Segmento operacional agrupado com 2 viagens reais.
435,2,2,6,normal_break,Intervalo normal,driver,,,06:08,06:26,18,,,0,1,1,,2,2,,,
435,2,2,7,commercial_trip,Viagem,trip,1042,IDA,06:26,06:41,15,5463,5463,1,1,2,2,,,5,1,Segmento operacional agrupado com 2 viagens reais.
435,2,2,7,commercial_trip,Viagem,trip,1042,VOLTA,06:41,06:53,12,5468,5468,1,2,1,2,,,6,2,Segmento operacional agrupado com 2 viagens reais.
435,2,2,8,normal_break,Intervalo normal,driver,,,06:53,07:10,17,,,0,1,1,,2,2,,,
435,2,2,9,commercial_trip,Viagem,trip,1042,IDA,07:10,07:26,16,5482,5482,1,1,2,2,,,7,1,Segmento operacional agrupado com 2 viagens reais.
435,2,2,9,commercial_trip,Viagem,trip,1042,VOLTA,07:26,07:39,13,5487,5487,1,2,1,2,,,8,2,Segmento operacional agrupado com 2 viagens reais.
435,2,2,10,driver_vehicle_change,Troca de veículo,driver,,,07:39,07:39,0,,,0,1,1,,2,8,,,Motorista troca de veículo entre blocos distintos da mesma jornada.
435,2,2,11,normal_break,Intervalo normal,driver,,,07:39,07:55,16,,,0,1,1,,2,8,,,
435,2,2,12,commercial_trip,Viagem,trip,1042,IDA,07:55,08:11,16,5498,5498,1,1,2,8,,,9,1,Segmento operacional agrupado com 2 viagens reais.
435,2,2,12,commercial_trip,Viagem,trip,1042,VOLTA,08:11,08:24,13,5502,5502,1,2,1,8,,,10,2,Segmento operacional agrupado com 2 viagens reais.
435,2,2,13,driver_vehicle_change,Troca de veículo,driver,,,08:24,08:24,0,,,0,1,1,,8,2,,,Motorista troca de veículo entre blocos distintos da mesma jornada.
435,2,2,14,normal_break,Intervalo normal,driver,,,08:24,08:47,23,,,0,1,1,,8,2,,,
435,2,2,15,commercial_trip,Viagem,trip,1048,IDA,08:47,09:00,13,5512,5512,1,1,2,2,,,11,1,Segmento operacional agrupado com 2 viagens reais.
435,2,2,15,commercial_trip,Viagem,trip,1048,VOLTA,09:00,09:08,8,5514,5514,1,2,1,2,,,12,2,Segmento operacional agrupado com 2 viagens reais.
435,2,2,16,driver_vehicle_change,Troca de veículo,driver,,,09:08,09:08,0,,,0,1,1,,2,8,,,Motorista troca de veículo entre blocos distintos da mesma jornada.
435,2,2,17,normal_break,Intervalo normal,driver,,,09:08,10:55,107,,,0,1,1,,2,8,,,
435,2,2,18,commercial_trip,Viagem,trip,1067,IDA,10:55,11:34,39,5553,5553,1,1,2,8,,,13,1,Segmento operacional agrupado com 2 viagens reais.
435,2,2,18,commercial_trip,Viagem,trip,1067,VOLTA,11:34,12:00,26,5561,5561,1,2,1,8,,,14,2,Segmento operacional agrupado com 2 viagens reais.
435,2,2,19,driver_vehicle_change,Troca de veículo,driver,,,12:00,12:00,0,,,0,1,1,,8,4,,,Motorista troca de veículo entre blocos distintos da mesma jornada.
435,2,2,20,mandatory_rest,Descanso obrigatório,driver,,,12:00,15:11,191,,,0,1,1,,8,4,,,
435,2,2,21,commercial_trip,Viagem,trip,1048,IDA,15:11,15:23,12,5609,5609,1,1,2,4,,,15,1,Segmento operacional agrupado com 2 viagens reais.
435,2,2,21,commercial_trip,Viagem,trip,1048,VOLTA,15:23,15:31,8,5612,5612,1,2,1,4,,,16,2,Segmento operacional agrupado com 2 viagens reais.
435,2,2,22,mandatory_rest,Descanso obrigatório,driver,,,15:31,15:50,19,,,0,1,1,,4,4,,,
435,2,2,23,commercial_trip,Viagem,trip,1042,IDA,15:50,16:07,17,5620,5620,1,1,2,4,,,17,1,Segmento operacional agrupado com 2 viagens reais.
435,2,2,23,commercial_trip,Viagem,trip,1042,VOLTA,16:07,16:18,11,5624,5624,1,2,1,4,,,18,2,Segmento operacional agrupado com 2 viagens reais.
435,2,2,24,mandatory_rest,Descanso obrigatório,driver,,,16:18,16:40,22,,,0,1,1,,4,4,,,
435,2,2,25,commercial_trip,Viagem,trip,1042,IDA,16:40,16:58,18,5633,5633,1,1,2,4,,,19,1,Segmento operacional agrupado com 2 viagens reais.
435,2,2,25,commercial_trip,Viagem,trip,1042,VOLTA,16:58,17:09,11,5637,5637,1,2,1,4,,,20,2,Segmento operacional agrupado com 2 viagens reais.
435,2,2,26,driver_vehicle_change,Troca de veículo,driver,,,17:09,17:09,0,,,0,1,1,,4,11,,,Motorista troca de veículo entre blocos distintos da mesma jornada.
435,2,2,27,mandatory_rest,Descanso obrigatório,driver,,,17:09,17:39,30,,,0,1,1,,4,11,,,
435,2,2,28,commercial_trip,Viagem,trip,1048,IDA,17:39,17:55,16,5648,5648,1,1,2,11,,,21,1,Segmento operacional agrupado com 2 viagens reais.
435,2,2,28,commercial_trip,Viagem,trip,1048,VOLTA,17:55,18:03,8,5651,5651,1,2,1,11,,,22,2,Segmento operacional agrupado com 2 viagens reais.
435,2,2,29,duty_end,Fim de jornada,driver,,,18:03,18:03,0,,,0,1,1,,,,,,
435,3,3,1,duty_start,Início de jornada,driver,,,04:25,04:25,0,,,0,1,1,,,,,,
435,3,3,2,pullout,Soltura,driver,,,04:25,04:35,10,,,0,1,1,,,,,,
435,3,3,3,commercial_trip,Viagem,trip,1048,IDA,04:35,04:43,8,5427,5427,1,1,2,3,,,1,1,Segmento operacional agrupado com 2 viagens reais.
435,3,3,3,commercial_trip,Viagem,trip,1048,VOLTA,04:43,04:48,5,5428,5428,1,2,1,3,,,2,2,Segmento operacional agrupado com 2 viagens reais.
435,3,3,4,normal_break,Intervalo normal,driver,,,04:48,05:04,16,,,0,1,1,,3,3,,,
435,3,3,5,commercial_trip,Viagem,trip,1048,IDA,05:04,05:16,12,5434,5434,1,1,2,3,,,3,1,Segmento operacional agrupado com 2 viagens reais.
435,3,3,5,commercial_trip,Viagem,trip,1048,VOLTA,05:16,05:22,6,5435,5435,1,2,1,3,,,4,2,Segmento operacional agrupado com 2 viagens reais.
435,3,3,6,normal_break,Intervalo normal,driver,,,05:22,05:40,18,,,0,1,1,,3,3,,,
435,3,3,7,commercial_trip,Viagem,trip,1067,IDA,05:40,06:16,36,5453,5453,1,1,2,3,,,5,1,Segmento operacional agrupado com 2 viagens reais.
435,3,3,7,commercial_trip,Viagem,trip,1067,VOLTA,06:16,06:42,26,5464,5464,1,2,1,3,,,6,2,Segmento operacional agrupado com 2 viagens reais.
435,3,3,8,driver_vehicle_change,Troca de veículo,driver,,,06:42,06:42,0,,,0,1,1,,3,11,,,Motorista troca de veículo entre blocos distintos da mesma jornada.
435,3,3,9,normal_break,Intervalo normal,driver,,,06:42,06:59,17,,,0,1,1,,3,11,,,
435,3,3,10,commercial_trip,Viagem,trip,1048,IDA,06:59,07:10,11,5476,5476,1,1,2,11,,,7,1,Segmento operacional agrupado com 2 viagens reais.
435,3,3,10,commercial_trip,Viagem,trip,1048,VOLTA,07:10,07:19,9,5480,5480,1,2,1,11,,,8,2,Segmento operacional agrupado com 2 viagens reais.
435,3,3,11,driver_vehicle_change,Troca de veículo,driver,,,07:19,07:19,0,,,0,1,1,,11,9,,,Motorista troca de veículo entre blocos distintos da mesma jornada.
435,3,3,12,normal_break,Intervalo normal,driver,,,07:19,07:40,21,,,0,1,1,,11,9,,,
435,3,3,13,commercial_trip,Viagem,trip,1067,IDA,07:40,08:32,52,5503,5503,1,1,2,9,,,9,1,Segmento operacional agrupado com 2 viagens reais.
435,3,3,13,commercial_trip,Viagem,trip,1067,VOLTA,08:32,08:59,27,5511,5511,1,2,1,9,,,10,2,Segmento operacional agrupado com 2 viagens reais.
435,3,3,14,driver_vehicle_change,Troca de veículo,driver,,,08:59,08:59,0,,,0,1,1,,9,1,,,Motorista troca de veículo entre blocos distintos da mesma jornada.
435,3,3,15,normal_break,Intervalo normal,driver,,,08:59,09:15,16,,,0,1,1,,9,1,,,
435,3,3,16,commercial_trip,Viagem,trip,1042,IDA,09:15,09:31,16,5520,5520,1,1,2,1,,,11,1,Segmento operacional agrupado com 2 viagens reais.
435,3,3,16,commercial_trip,Viagem,trip,1042,VOLTA,09:31,09:43,12,5524,5524,1,2,1,1,,,12,2,Segmento operacional agrupado com 2 viagens reais.
435,3,3,17,driver_vehicle_change,Troca de veículo,driver,,,09:43,09:43,0,,,0,1,1,,1,13,,,Motorista troca de veículo entre blocos distintos da mesma jornada.
435,3,3,18,normal_break,Intervalo normal,driver,,,09:43,10:05,22,,,0,1,1,,1,13,,,
435,3,3,19,commercial_trip,Viagem,trip,1067,IDA,10:05,10:48,43,5541,5541,1,1,2,13,,,13,1,Segmento operacional agrupado com 2 viagens reais.
435,3,3,19,commercial_trip,Viagem,trip,1067,VOLTA,10:48,11:14,26,5549,5549,1,2,1,13,,,14,2,Segmento operacional agrupado com 2 viagens reais.
435,3,3,20,mandatory_rest,Descanso obrigatório,driver,,,11:14,11:45,31,,,0,1,1,,13,13,,,
435,3,3,21,commercial_trip,Viagem,trip,1067,IDA,11:45,12:24,39,5565,5565,1,1,2,13,,,15,1,Segmento operacional agrupado com 2 viagens reais.
435,3,3,21,commercial_trip,Viagem,trip,1067,VOLTA,12:24,12:50,26,5572,5572,1,2,1,13,,,16,2,Segmento operacional agrupado com 2 viagens reais.
435,3,3,22,mandatory_rest,Descanso obrigatório,driver,,,12:50,13:11,21,,,0,1,1,,13,13,,,
435,3,3,23,commercial_trip,Viagem,trip,1048,IDA,13:11,13:25,14,5580,5580,1,1,2,13,,,17,1,Segmento operacional agrupado com 2 viagens reais.
435,3,3,23,commercial_trip,Viagem,trip,1048,VOLTA,13:25,13:32,7,5582,5582,1,2,1,13,,,18,2,Segmento operacional agrupado com 2 viagens reais.
435,3,3,24,driver_vehicle_change,Troca de veículo,driver,,,13:32,13:32,0,,,0,1,1,,13,6,,,Motorista troca de veículo entre blocos distintos da mesma jornada.
435,3,3,25,mandatory_rest,Descanso obrigatório,driver,,,13:32,14:23,51,,,0,1,1,,13,6,,,
435,3,3,26,commercial_trip,Viagem,trip,1048,IDA,14:23,14:36,13,5598,5598,1,1,2,6,,,19,1,Segmento operacional agrupado com 2 viagens reais.
435,3,3,26,commercial_trip,Viagem,trip,1048,VOLTA,14:36,14:44,8,5600,5600,1,2,1,6,,,20,2,Segmento operacional agrupado com 2 viagens reais.
435,3,3,27,driver_vehicle_change,Troca de veículo,driver,,,14:44,14:44,0,,,0,1,1,,6,12,,,Motorista troca de veículo entre blocos distintos da mesma jornada.
435,3,3,28,mandatory_rest,Descanso obrigatório,driver,,,14:44,15:05,21,,,0,1,1,,6,12,,,
435,3,3,29,commercial_trip,Viagem,trip,1067,IDA,15:05,15:48,43,5615,5615,1,1,2,12,,,21,1,Segmento operacional agrupado com 2 viagens reais.
435,3,3,29,commercial_trip,Viagem,trip,1067,VOLTA,15:48,16:17,29,5623,5623,1,2,1,12,,,22,2,Segmento operacional agrupado com 2 viagens reais.
435,3,3,30,driver_vehicle_change,Troca de veículo,driver,,,16:17,16:17,0,,,0,1,1,,12,5,,,Motorista troca de veículo entre blocos distintos da mesma jornada.
435,3,3,31,mandatory_rest,Descanso obrigatório,driver,,,16:17,16:45,28,,,0,1,1,,12,5,,,
435,3,3,32,commercial_trip,Viagem,trip,1048,IDA,16:45,16:59,14,5634,5634,1,1,2,5,,,23,1,Segmento operacional agrupado com 2 viagens reais.
435,3,3,32,commercial_trip,Viagem,trip,1048,VOLTA,16:59,17:07,8,5636,5636,1,2,1,5,,,24,2,Segmento operacional agrupado com 2 viagens reais.
435,3,3,33,driver_vehicle_change,Troca de veículo,driver,,,17:07,17:07,0,,,0,1,1,,5,8,,,Motorista troca de veículo entre blocos distintos da mesma jornada.
435,3,3,34,mandatory_rest,Descanso obrigatório,driver,,,17:07,17:40,33,,,0,1,1,,5,8,,,
435,3,3,35,commercial_trip,Viagem,trip,1042,IDA,17:40,18:00,20,5650,5650,1,1,2,8,,,25,1,Segmento operacional agrupado com 2 viagens reais.
435,3,3,35,commercial_trip,Viagem,trip,1042,VOLTA,18:00,18:11,11,5653,5653,1,2,1,8,,,26,2,Segmento operacional agrupado com 2 viagens reais.
435,3,3,36,duty_end,Fim de jornada,driver,,,18:11,18:11,0,,,0,1,1,,,,,,
435,4,4,1,duty_start,Início de jornada,driver,,,04:35,04:35,0,,,0,1,1,,,,,,
435,4,4,2,pullout,Soltura,driver,,,04:35,04:45,10,,,0,1,1,,,,,,
435,4,4,3,commercial_trip,Viagem,trip,1042,IDA,04:45,04:58,13,5430,5430,1,1,2,4,,,1,1,Segmento operacional agrupado com 2 viagens reais.
435,4,4,3,commercial_trip,Viagem,trip,1042,VOLTA,04:58,05:07,9,5432,5432,1,2,1,4,,,2,2,Segmento operacional agrupado com 2 viagens reais.
435,4,4,4,driver_vehicle_change,Troca de veículo,driver,,,05:07,05:07,0,,,0,1,1,,4,8,,,Motorista troca de veículo entre blocos distintos da mesma jornada.
435,4,4,5,normal_break,Intervalo normal,driver,,,05:07,05:29,22,,,0,1,1,,4,8,,,
435,4,4,6,commercial_trip,Viagem,trip,1048,IDA,05:29,05:41,12,5440,5440,1,1,2,8,,,3,1,Segmento operacional agrupado com 2 viagens reais.
435,4,4,6,commercial_trip,Viagem,trip,1048,VOLTA,05:41,05:47,6,5443,5443,1,2,1,8,,,4,2,Segmento operacional agrupado com 2 viagens reais.
435,4,4,7,normal_break,Intervalo normal,driver,,,05:47,06:04,17,,,0,1,1,,8,8,,,
435,4,4,8,commercial_trip,Viagem,trip,1048,IDA,06:04,06:15,11,5452,5452,1,1,2,8,,,5,1,Segmento operacional agrupado com 2 viagens reais.
435,4,4,8,commercial_trip,Viagem,trip,1048,VOLTA,06:15,06:22,7,5455,5455,1,2,1,8,,,6,2,Segmento operacional agrupado com 2 viagens reais.
435,4,4,9,driver_vehicle_change,Troca de veículo,driver,,,06:22,06:22,0,,,0,1,1,,8,7,,,Motorista troca de veículo entre blocos distintos da mesma jornada.
435,4,4,10,normal_break,Intervalo normal,driver,,,06:22,06:45,23,,,0,1,1,,8,7,,,
435,4,4,11,commercial_trip,Viagem,trip,1067,IDA,06:45,07:31,46,5484,5484,1,1,2,7,,,7,1,Segmento operacional agrupado com 2 viagens reais.
435,4,4,11,commercial_trip,Viagem,trip,1067,VOLTA,07:31,08:00,29,5494,5494,1,2,1,7,,,8,2,Segmento operacional agrupado com 2 viagens reais.
435,4,4,12,driver_vehicle_change,Troca de veículo,driver,,,08:00,08:00,0,,,0,1,1,,7,8,,,Motorista troca de veículo entre blocos distintos da mesma jornada.
435,4,4,13,normal_break,Intervalo normal,driver,,,08:00,08:50,50,,,0,1,1,,7,8,,,
435,4,4,14,commercial_trip,Viagem,trip,1067,IDA,08:50,09:34,44,5522,5522,1,1,2,8,,,9,1,Segmento operacional agrupado com 2 viagens reais.
435,4,4,14,commercial_trip,Viagem,trip,1067,VOLTA,09:34,10:00,26,5529,5529,1,2,1,8,,,10,2,Segmento operacional agrupado com 2 viagens reais.
435,4,4,15,driver_vehicle_change,Troca de veículo,driver,,,10:00,10:00,0,,,0,1,1,,8,10,,,Motorista troca de veículo entre blocos distintos da mesma jornada.
435,4,4,16,normal_break,Intervalo normal,driver,,,10:00,10:15,15,,,0,1,1,,8,10,,,
435,4,4,17,commercial_trip,Viagem,trip,1042,IDA,10:15,10:32,17,5537,5537,1,1,2,10,,,11,1,Segmento operacional agrupado com 2 viagens reais.
435,4,4,17,commercial_trip,Viagem,trip,1042,VOLTA,10:32,10:44,12,5539,5539,1,2,1,10,,,12,2,Segmento operacional agrupado com 2 viagens reais.
435,4,4,18,normal_break,Intervalo normal,driver,,,10:44,11:15,31,,,0,1,1,,10,10,,,
435,4,4,19,commercial_trip,Viagem,trip,1042,IDA,11:15,11:34,19,5554,5554,1,1,2,10,,,13,1,Segmento operacional agrupado com 2 viagens reais.
435,4,4,19,commercial_trip,Viagem,trip,1042,VOLTA,11:34,11:46,12,5556,5556,1,2,1,10,,,14,2,Segmento operacional agrupado com 2 viagens reais.
435,4,4,20,driver_vehicle_change,Troca de veículo,driver,,,11:46,11:46,0,,,0,1,1,,10,9,,,Motorista troca de veículo entre blocos distintos da mesma jornada.
435,4,4,21,mandatory_rest,Descanso obrigatório,driver,,,11:46,12:10,24,,,0,1,1,,10,9,,,
435,4,4,22,commercial_trip,Viagem,trip,1067,IDA,12:10,12:50,40,5571,5571,1,1,2,9,,,15,1,Segmento operacional agrupado com 2 viagens reais.
435,4,4,22,commercial_trip,Viagem,trip,1067,VOLTA,12:50,13:16,26,5579,5579,1,2,1,9,,,16,2,Segmento operacional agrupado com 2 viagens reais.
435,4,4,23,driver_vehicle_change,Troca de veículo,driver,,,13:16,13:16,0,,,0,1,1,,9,13,,,Motorista troca de veículo entre blocos distintos da mesma jornada.
435,4,4,24,mandatory_rest,Descanso obrigatório,driver,,,13:16,13:50,34,,,0,1,1,,9,13,,,
435,4,4,25,commercial_trip,Viagem,trip,1067,IDA,13:50,14:32,42,5596,5596,1,1,2,13,,,17,1,Segmento operacional agrupado com 2 viagens reais.
435,4,4,25,commercial_trip,Viagem,trip,1067,VOLTA,14:32,14:59,27,5603,5603,1,2,1,13,,,18,2,Segmento operacional agrupado com 2 viagens reais.
435,4,4,26,driver_vehicle_change,Troca de veículo,driver,,,14:59,14:59,0,,,0,1,1,,13,10,,,Motorista troca de veículo entre blocos distintos da mesma jornada.
435,4,4,27,mandatory_rest,Descanso obrigatório,driver,,,14:59,15:25,26,,,0,1,1,,13,10,,,
435,4,4,28,commercial_trip,Viagem,trip,1042,IDA,15:25,15:42,17,5613,5613,1,1,2,10,,,19,1,Segmento operacional agrupado com 2 viagens reais.
435,4,4,28,commercial_trip,Viagem,trip,1042,VOLTA,15:42,15:52,10,5618,5618,1,2,1,10,,,20,2,Segmento operacional agrupado com 2 viagens reais.
435,4,4,29,driver_vehicle_change,Troca de veículo,driver,,,15:52,15:52,0,,,0,1,1,,10,2,,,Motorista troca de veículo entre blocos distintos da mesma jornada.
435,4,4,30,mandatory_rest,Descanso obrigatório,driver,,,15:52,16:15,23,,,0,1,1,,10,2,,,
435,4,4,31,commercial_trip,Viagem,trip,1042,IDA,16:15,16:33,18,5627,5627,1,1,2,2,,,21,1,Segmento operacional agrupado com 2 viagens reais.
435,4,4,31,commercial_trip,Viagem,trip,1042,VOLTA,16:33,16:44,11,5631,5631,1,2,1,2,,,22,2,Segmento operacional agrupado com 2 viagens reais.
435,4,4,32,driver_vehicle_change,Troca de veículo,driver,,,16:44,16:44,0,,,0,1,1,,2,13,,,Motorista troca de veículo entre blocos distintos da mesma jornada.
435,4,4,33,mandatory_rest,Descanso obrigatório,driver,,,16:44,17:21,37,,,0,1,1,,2,13,,,
435,4,4,34,commercial_trip,Viagem,trip,1048,IDA,17:21,17:37,16,5642,5642,1,1,2,13,,,23,1,Segmento operacional agrupado com 2 viagens reais.
435,4,4,34,commercial_trip,Viagem,trip,1048,VOLTA,17:37,17:45,8,5646,5646,1,2,1,13,,,24,2,Segmento operacional agrupado com 2 viagens reais.
435,4,4,35,duty_end,Fim de jornada,driver,,,17:45,17:45,0,,,0,1,1,,,,,,
435,5,5,1,duty_start,Início de jornada,driver,,,04:45,04:45,0,,,0,1,1,,,,,,
435,5,5,2,pullout,Soltura,driver,,,04:45,04:55,10,,,0,1,1,,,,,,
435,5,5,3,commercial_trip,Viagem,trip,1067,IDA,04:55,05:31,36,5438,5438,1,1,2,5,,,1,1,Segmento operacional agrupado com 2 viagens reais.
435,5,5,3,commercial_trip,Viagem,trip,1067,VOLTA,05:31,05:56,25,5445,5445,1,2,1,5,,,2,2,Segmento operacional agrupado com 2 viagens reais.
435,5,5,4,driver_vehicle_change,Troca de veículo,driver,,,05:56,05:56,0,,,0,1,1,,5,4,,,Motorista troca de veículo entre blocos distintos da mesma jornada.
435,5,5,5,normal_break,Intervalo normal,driver,,,05:56,06:15,19,,,0,1,1,,5,4,,,
435,5,5,6,commercial_trip,Viagem,trip,1067,IDA,06:15,06:55,40,5469,5469,1,1,2,4,,,3,1,Segmento operacional agrupado com 2 viagens reais.
435,5,5,6,commercial_trip,Viagem,trip,1067,VOLTA,06:55,07:24,29,5481,5481,1,2,1,4,,,4,2,Segmento operacional agrupado com 2 viagens reais.
435,5,5,7,normal_break,Intervalo normal,driver,,,07:24,07:39,15,,,0,1,1,,4,4,,,
435,5,5,8,commercial_trip,Viagem,trip,1048,IDA,07:39,07:51,12,5493,5493,1,1,2,4,,,5,1,Segmento operacional agrupado com 2 viagens reais.
435,5,5,8,commercial_trip,Viagem,trip,1048,VOLTA,07:51,08:00,9,5495,5495,1,2,1,4,,,6,2,Segmento operacional agrupado com 2 viagens reais.
435,5,5,9,driver_vehicle_change,Troca de veículo,driver,,,08:00,08:00,0,,,0,1,1,,4,7,,,Motorista troca de veículo entre blocos distintos da mesma jornada.
435,5,5,10,normal_break,Intervalo normal,driver,,,08:00,08:15,15,,,0,1,1,,4,7,,,
435,5,5,11,commercial_trip,Viagem,trip,1042,IDA,08:15,08:32,17,5504,5504,1,1,2,7,,,7,1,Segmento operacional agrupado com 2 viagens reais.
435,5,5,11,commercial_trip,Viagem,trip,1042,VOLTA,08:32,08:45,13,5509,5509,1,2,1,7,,,8,2,Segmento operacional agrupado com 2 viagens reais.
435,5,5,12,normal_break,Intervalo normal,driver,,,08:45,09:11,26,,,0,1,1,,7,7,,,
435,5,5,13,commercial_trip,Viagem,trip,1048,IDA,09:11,09:23,12,5518,5518,1,1,2,7,,,9,1,Segmento operacional agrupado com 2 viagens reais.
435,5,5,13,commercial_trip,Viagem,trip,1048,VOLTA,09:23,09:31,8,5521,5521,1,2,1,7,,,10,2,Segmento operacional agrupado com 2 viagens reais.
435,5,5,14,driver_vehicle_change,Troca de veículo,driver,,,09:31,09:31,0,,,0,1,1,,7,5,,,Motorista troca de veículo entre blocos distintos da mesma jornada.
435,5,5,15,normal_break,Intervalo normal,driver,,,09:31,09:59,28,,,0,1,1,,7,5,,,
435,5,5,16,commercial_trip,Viagem,trip,1048,IDA,09:59,10:11,12,5532,5532,1,1,2,5,,,11,1,Segmento operacional agrupado com 2 viagens reais.
435,5,5,16,commercial_trip,Viagem,trip,1048,VOLTA,10:11,10:19,8,5533,5533,1,2,1,5,,,12,2,Segmento operacional agrupado com 2 viagens reais.
435,5,5,17,driver_vehicle_change,Troca de veículo,driver,,,10:19,10:19,0,,,0,1,1,,5,6,,,Motorista troca de veículo entre blocos distintos da mesma jornada.
435,5,5,18,normal_break,Intervalo normal,driver,,,10:19,10:35,16,,,0,1,1,,5,6,,,
435,5,5,19,commercial_trip,Viagem,trip,1042,IDA,10:35,10:52,17,5543,5543,1,1,2,6,,,13,1,Segmento operacional agrupado com 2 viagens reais.
435,5,5,19,commercial_trip,Viagem,trip,1042,VOLTA,10:52,11:04,12,5545,5545,1,2,1,6,,,14,2,Segmento operacional agrupado com 2 viagens reais.
435,5,5,20,driver_vehicle_change,Troca de veículo,driver,,,11:04,11:04,0,,,0,1,1,,6,12,,,Motorista troca de veículo entre blocos distintos da mesma jornada.
435,5,5,21,mandatory_rest,Descanso obrigatório,driver,,,11:04,16:45,341,,,0,1,1,,6,12,,,
435,5,5,22,commercial_trip,Viagem,trip,1067,IDA,16:45,17:38,53,5644,5644,1,1,2,12,,,15,1,Segmento operacional agrupado com 2 viagens reais.
435,5,5,22,commercial_trip,Viagem,trip,1067,VOLTA,17:38,18:09,31,5652,5652,1,2,1,12,,,16,2,Segmento operacional agrupado com 2 viagens reais.
435,5,5,23,duty_end,Fim de jornada,driver,,,18:09,18:09,0,,,0,1,1,,,,,,
435,6,6,1,duty_start,Início de jornada,driver,,,04:50,04:50,0,,,0,1,1,,,,,,
435,6,6,2,pullout,Soltura,driver,,,04:50,05:00,10,,,0,1,1,,,,,,
435,6,6,3,commercial_trip,Viagem,trip,1042,IDA,05:00,05:14,14,5433,5433,1,1,2,6,,,1,1,Segmento operacional agrupado com 2 viagens reais.
435,6,6,3,commercial_trip,Viagem,trip,1042,VOLTA,05:14,05:26,12,5436,5436,1,2,1,6,,,2,2,Segmento operacional agrupado com 2 viagens reais.
435,6,6,4,normal_break,Intervalo normal,driver,,,05:26,05:45,19,,,0,1,1,,6,6,,,
435,6,6,5,commercial_trip,Viagem,trip,1042,IDA,05:45,05:59,14,5447,5447,1,1,2,6,,,3,1,Segmento operacional agrupado com 2 viagens reais.
435,6,6,5,commercial_trip,Viagem,trip,1042,VOLTA,05:59,06:11,12,5450,5450,1,2,1,6,,,4,2,Segmento operacional agrupado com 2 viagens reais.
435,6,6,6,driver_vehicle_change,Troca de veículo,driver,,,06:11,06:11,0,,,0,1,1,,6,12,,,Motorista troca de veículo entre blocos distintos da mesma jornada.
435,6,6,7,normal_break,Intervalo normal,driver,,,06:11,06:30,19,,,0,1,1,,6,12,,,
435,6,6,8,commercial_trip,Viagem,trip,1067,IDA,06:30,07:16,46,5477,5477,1,1,2,12,,,5,1,Segmento operacional agrupado com 2 viagens reais.
435,6,6,8,commercial_trip,Viagem,trip,1067,VOLTA,07:16,07:49,33,5490,5490,1,2,1,12,,,6,2,Segmento operacional agrupado com 2 viagens reais.
435,6,6,9,normal_break,Intervalo normal,driver,,,07:49,08:25,36,,,0,1,1,,12,12,,,
435,6,6,10,commercial_trip,Viagem,trip,1067,IDA,08:25,09:09,44,5515,5515,1,1,2,12,,,7,1,Segmento operacional agrupado com 2 viagens reais.
435,6,6,10,commercial_trip,Viagem,trip,1067,VOLTA,09:09,09:36,27,5523,5523,1,2,1,12,,,8,2,Segmento operacional agrupado com 2 viagens reais.
435,6,6,11,driver_vehicle_change,Troca de veículo,driver,,,09:36,09:36,0,,,0,1,1,,12,11,,,Motorista troca de veículo entre blocos distintos da mesma jornada.
435,6,6,12,normal_break,Intervalo normal,driver,,,09:36,09:55,19,,,0,1,1,,12,11,,,
435,6,6,13,commercial_trip,Viagem,trip,1042,IDA,09:55,10:11,16,5531,5531,1,1,2,11,,,9,1,Segmento operacional agrupado com 2 viagens reais.
435,6,6,13,commercial_trip,Viagem,trip,1042,VOLTA,10:11,10:23,12,5535,5535,1,2,1,11,,,10,2,Segmento operacional agrupado com 2 viagens reais.
435,6,6,14,normal_break,Intervalo normal,driver,,,10:23,10:47,24,,,0,1,1,,11,11,,,
435,6,6,15,commercial_trip,Viagem,trip,1048,IDA,10:47,11:01,14,5544,5544,1,1,2,11,,,11,1,Segmento operacional agrupado com 2 viagens reais.
435,6,6,15,commercial_trip,Viagem,trip,1048,VOLTA,11:01,11:10,9,5547,5547,1,2,1,11,,,12,2,Segmento operacional agrupado com 2 viagens reais.
435,6,6,16,mandatory_rest,Descanso obrigatório,driver,,,11:10,11:35,25,,,0,1,1,,11,11,,,
435,6,6,17,commercial_trip,Viagem,trip,1048,IDA,11:35,11:48,13,5557,5557,1,1,2,11,,,13,1,Segmento operacional agrupado com 2 viagens reais.
435,6,6,17,commercial_trip,Viagem,trip,1048,VOLTA,11:48,11:57,9,5558,5558,1,2,1,11,,,14,2,Segmento operacional agrupado com 2 viagens reais.
435,6,6,18,driver_vehicle_change,Troca de veículo,driver,,,11:57,11:57,0,,,0,1,1,,11,8,,,Motorista troca de veículo entre blocos distintos da mesma jornada.
435,6,6,19,mandatory_rest,Descanso obrigatório,driver,,,11:57,12:23,26,,,0,1,1,,11,8,,,
435,6,6,20,commercial_trip,Viagem,trip,1048,IDA,12:23,12:37,14,5568,5568,1,1,2,8,,,15,1,Segmento operacional agrupado com 2 viagens reais.
435,6,6,20,commercial_trip,Viagem,trip,1048,VOLTA,12:37,12:45,8,5570,5570,1,2,1,8,,,16,2,Segmento operacional agrupado com 2 viagens reais.
435,6,6,21,driver_vehicle_change,Troca de veículo,driver,,,12:45,12:45,0,,,0,1,1,,8,2,,,Motorista troca de veículo entre blocos distintos da mesma jornada.
435,6,6,22,mandatory_rest,Descanso obrigatório,driver,,,12:45,13:00,15,,,0,1,1,,8,2,,,
435,6,6,23,commercial_trip,Viagem,trip,1067,IDA,13:00,13:42,42,5584,5584,1,1,2,2,,,17,1,Segmento operacional agrupado com 2 viagens reais.
435,6,6,23,commercial_trip,Viagem,trip,1067,VOLTA,13:42,14:09,27,5591,5591,1,2,1,2,,,18,2,Segmento operacional agrupado com 2 viagens reais.
435,6,6,24,driver_vehicle_change,Troca de veículo,driver,,,14:09,14:09,0,,,0,1,1,,2,8,,,Motorista troca de veículo entre blocos distintos da mesma jornada.
435,6,6,25,mandatory_rest,Descanso obrigatório,driver,,,14:09,14:47,38,,,0,1,1,,2,8,,,
435,6,6,26,commercial_trip,Viagem,trip,1048,IDA,14:47,15:00,13,5604,5604,1,1,2,8,,,19,1,Segmento operacional agrupado com 2 viagens reais.
435,6,6,26,commercial_trip,Viagem,trip,1048,VOLTA,15:00,15:08,8,5606,5606,1,2,1,8,,,20,2,Segmento operacional agrupado com 2 viagens reais.
435,6,6,27,driver_vehicle_change,Troca de veículo,driver,,,15:08,15:08,0,,,0,1,1,,8,13,,,Motorista troca de veículo entre blocos distintos da mesma jornada.
435,6,6,28,mandatory_rest,Descanso obrigatório,driver,,,15:08,15:30,22,,,0,1,1,,8,13,,,
435,6,6,29,commercial_trip,Viagem,trip,1067,IDA,15:30,16:13,43,5622,5622,1,1,2,13,,,21,1,Segmento operacional agrupado com 2 viagens reais.
435,6,6,29,commercial_trip,Viagem,trip,1067,VOLTA,16:13,16:42,29,5630,5630,1,2,1,13,,,22,2,Segmento operacional agrupado com 2 viagens reais.
435,6,6,30,driver_vehicle_change,Troca de veículo,driver,,,16:42,16:42,0,,,0,1,1,,13,2,,,Motorista troca de veículo entre blocos distintos da mesma jornada.
435,6,6,31,mandatory_rest,Descanso obrigatório,driver,,,16:42,17:10,28,,,0,1,1,,13,2,,,
435,6,6,32,commercial_trip,Viagem,trip,1067,IDA,17:10,18:14,64,5655,5655,1,1,2,2,,,23,1,Segmento operacional agrupado com 2 viagens reais.
435,6,6,32,commercial_trip,Viagem,trip,1067,VOLTA,18:14,18:44,30,5664,5664,1,2,1,2,,,24,2,Segmento operacional agrupado com 2 viagens reais.
435,6,6,33,duty_end,Fim de jornada,driver,,,18:44,18:44,0,,,0,1,1,,,,,,
435,7,7,1,duty_start,Início de jornada,driver,,,04:20,04:20,0,,,0,1,1,,,,,,
435,7,7,2,pullout,Soltura,driver,,,04:20,04:30,10,,,0,1,1,,,,,,
435,7,7,3,commercial_trip,Viagem,trip,1042,IDA,04:30,04:43,13,5426,5426,1,1,2,1,,,1,1,Segmento operacional agrupado com 2 viagens reais.
435,7,7,3,commercial_trip,Viagem,trip,1042,VOLTA,04:43,04:52,9,5429,5429,1,2,1,1,,,2,2,Segmento operacional agrupado com 2 viagens reais.
435,7,7,4,driver_vehicle_change,Troca de veículo,driver,,,04:52,04:52,0,,,0,1,1,,1,7,,,Motorista troca de veículo entre blocos distintos da mesma jornada.
435,7,7,5,normal_break,Intervalo normal,driver,,,04:52,05:20,28,,,0,1,1,,1,7,,,
435,7,7,6,commercial_trip,Viagem,trip,1067,IDA,05:20,05:56,36,5444,5444,1,1,2,7,,,3,1,Segmento operacional agrupado com 2 viagens reais.
435,7,7,6,commercial_trip,Viagem,trip,1067,VOLTA,05:56,06:21,25,5454,5454,1,2,1,7,,,4,2,Segmento operacional agrupado com 2 viagens reais.
435,7,7,7,driver_vehicle_change,Troca de veículo,driver,,,06:21,06:21,0,,,0,1,1,,7,8,,,Motorista troca de veículo entre blocos distintos da mesma jornada.
435,7,7,8,normal_break,Intervalo normal,driver,,,06:21,06:39,18,,,0,1,1,,7,8,,,
435,7,7,9,commercial_trip,Viagem,trip,1048,IDA,06:39,06:50,11,5467,5467,1,1,2,8,,,5,1,Segmento operacional agrupado com 2 viagens reais.
435,7,7,9,commercial_trip,Viagem,trip,1048,VOLTA,06:50,06:57,7,5471,5471,1,2,1,8,,,6,2,Segmento operacional agrupado com 2 viagens reais.
435,7,7,10,normal_break,Intervalo normal,driver,,,06:57,07:19,22,,,0,1,1,,8,8,,,
435,7,7,11,commercial_trip,Viagem,trip,1048,IDA,07:19,07:31,12,5485,5485,1,1,2,8,,,7,1,Segmento operacional agrupado com 2 viagens reais.
435,7,7,11,commercial_trip,Viagem,trip,1048,VOLTA,07:31,07:40,9,5488,5488,1,2,1,8,,,8,2,Segmento operacional agrupado com 2 viagens reais.
435,7,7,12,driver_vehicle_change,Troca de veículo,driver,,,07:40,07:40,0,,,0,1,1,,8,2,,,Motorista troca de veículo entre blocos distintos da mesma jornada.
435,7,7,13,normal_break,Intervalo normal,driver,,,07:40,07:59,19,,,0,1,1,,8,2,,,
435,7,7,14,commercial_trip,Viagem,trip,1048,IDA,07:59,08:11,12,5499,5499,1,1,2,2,,,9,1,Segmento operacional agrupado com 2 viagens reais.
435,7,7,14,commercial_trip,Viagem,trip,1048,VOLTA,08:11,08:19,8,5501,5501,1,2,1,2,,,10,2,Segmento operacional agrupado com 2 viagens reais.
435,7,7,15,duty_end,Fim de jornada,driver,,,08:19,08:19,0,,,0,1,1,,,,,,
435,8,8,1,duty_start,Início de jornada,driver,,,05:30,05:30,0,,,0,1,1,,,,,,
435,8,8,2,commercial_trip,Viagem,trip,1042,IDA,05:30,05:44,14,5442,5442,1,1,2,4,,,1,1,Segmento operacional agrupado com 2 viagens reais.
435,8,8,2,commercial_trip,Viagem,trip,1042,VOLTA,05:44,05:56,12,5446,5446,1,2,1,4,,,2,2,Segmento operacional agrupado com 2 viagens reais.
435,8,8,3,driver_vehicle_change,Troca de veículo,driver,,,05:56,05:56,0,,,0,1,1,,4,5,,,Motorista troca de veículo entre blocos distintos da mesma jornada.
435,8,8,4,normal_break,Intervalo normal,driver,,,05:56,06:18,22,,,0,1,1,,4,5,,,
435,8,8,5,commercial_trip,Viagem,trip,1042,IDA,06:18,06:33,15,5459,5459,1,1,2,5,,,3,1,Segmento operacional agrupado com 2 viagens reais.
435,8,8,5,commercial_trip,Viagem,trip,1042,VOLTA,06:33,06:45,12,5465,5465,1,2,1,5,,,4,2,Segmento operacional agrupado com 2 viagens reais.
435,8,8,6,normal_break,Intervalo normal,driver,,,06:45,07:00,15,,,0,1,1,,5,5,,,
435,8,8,7,commercial_trip,Viagem,trip,1042,IDA,07:00,07:16,16,5478,5478,1,1,2,5,,,5,1,Segmento operacional agrupado com 2 viagens reais.
435,8,8,7,commercial_trip,Viagem,trip,1042,VOLTA,07:16,07:29,13,5483,5483,1,2,1,5,,,6,2,Segmento operacional agrupado com 2 viagens reais.
435,8,8,8,normal_break,Intervalo normal,driver,,,07:29,08:00,31,,,0,1,1,,5,5,,,
435,8,8,9,commercial_trip,Viagem,trip,1067,IDA,08:00,08:44,44,5507,5507,1,1,2,5,,,7,1,Segmento operacional agrupado com 2 viagens reais.
435,8,8,9,commercial_trip,Viagem,trip,1067,VOLTA,08:44,09:11,27,5516,5516,1,2,1,5,,,8,2,Segmento operacional agrupado com 2 viagens reais.
435,8,8,10,driver_vehicle_change,Troca de veículo,driver,,,09:11,09:11,0,,,0,1,1,,5,10,,,Motorista troca de veículo entre blocos distintos da mesma jornada.
435,8,8,11,normal_break,Intervalo normal,driver,,,09:11,09:35,24,,,0,1,1,,5,10,,,
435,8,8,12,commercial_trip,Viagem,trip,1048,IDA,09:35,09:47,12,5525,5525,1,1,2,10,,,9,1,Segmento operacional agrupado com 2 viagens reais.
435,8,8,12,commercial_trip,Viagem,trip,1048,VOLTA,09:47,09:55,8,5527,5527,1,2,1,10,,,10,2,Segmento operacional agrupado com 2 viagens reais.
435,8,8,13,driver_vehicle_change,Troca de veículo,driver,,,09:55,09:55,0,,,0,1,1,,10,9,,,Motorista troca de veículo entre blocos distintos da mesma jornada.
435,8,8,14,normal_break,Intervalo normal,driver,,,09:55,10:30,35,,,0,1,1,,10,9,,,
435,8,8,15,commercial_trip,Viagem,trip,1067,IDA,10:30,11:09,39,5546,5546,1,1,2,9,,,11,1,Segmento operacional agrupado com 2 viagens reais.
435,8,8,15,commercial_trip,Viagem,trip,1067,VOLTA,11:09,11:37,28,5555,5555,1,2,1,9,,,12,2,Segmento operacional agrupado com 2 viagens reais.
435,8,8,16,driver_vehicle_change,Troca de veículo,driver,,,11:37,11:37,0,,,0,1,1,,9,10,,,Motorista troca de veículo entre blocos distintos da mesma jornada.
435,8,8,17,mandatory_rest,Descanso obrigatório,driver,,,11:37,12:05,28,,,0,1,1,,9,10,,,
435,8,8,18,commercial_trip,Viagem,trip,1042,IDA,12:05,12:25,20,5567,5567,1,1,2,10,,,13,1,Segmento operacional agrupado com 2 viagens reais.
435,8,8,18,commercial_trip,Viagem,trip,1042,VOLTA,12:25,12:39,14,5569,5569,1,2,1,10,,,14,2,Segmento operacional agrupado com 2 viagens reais.
435,8,8,19,driver_vehicle_change,Troca de veículo,driver,,,12:39,12:39,0,,,0,1,1,,10,11,,,Motorista troca de veículo entre blocos distintos da mesma jornada.
435,8,8,20,mandatory_rest,Descanso obrigatório,driver,,,12:39,12:55,16,,,0,1,1,,10,11,,,
435,8,8,21,commercial_trip,Viagem,trip,1042,IDA,12:55,13:15,20,5578,5578,1,1,2,11,,,15,1,Segmento operacional agrupado com 2 viagens reais.
435,8,8,21,commercial_trip,Viagem,trip,1042,VOLTA,13:15,13:26,11,5581,5581,1,2,1,11,,,16,2,Segmento operacional agrupado com 2 viagens reais.
435,8,8,22,driver_vehicle_change,Troca de veículo,driver,,,13:26,13:26,0,,,0,1,1,,11,10,,,Motorista troca de veículo entre blocos distintos da mesma jornada.
435,8,8,23,mandatory_rest,Descanso obrigatório,driver,,,13:26,13:45,19,,,0,1,1,,11,10,,,
435,8,8,24,commercial_trip,Viagem,trip,1042,IDA,13:45,14:03,18,5589,5589,1,1,2,10,,,17,1,Segmento operacional agrupado com 2 viagens reais.
435,8,8,24,commercial_trip,Viagem,trip,1042,VOLTA,14:03,14:14,11,5593,5593,1,2,1,10,,,18,2,Segmento operacional agrupado com 2 viagens reais.
435,8,8,25,mandatory_rest,Descanso obrigatório,driver,,,14:14,14:35,21,,,0,1,1,,10,10,,,
435,8,8,26,commercial_trip,Viagem,trip,1042,IDA,14:35,14:51,16,5601,5601,1,1,2,10,,,19,1,Segmento operacional agrupado com 2 viagens reais.
435,8,8,26,commercial_trip,Viagem,trip,1042,VOLTA,14:51,15:02,11,5605,5605,1,2,1,10,,,20,2,Segmento operacional agrupado com 2 viagens reais.
435,8,8,27,driver_vehicle_change,Troca de veículo,driver,,,15:02,15:02,0,,,0,1,1,,10,9,,,Motorista troca de veículo entre blocos distintos da mesma jornada.
435,8,8,28,mandatory_rest,Descanso obrigatório,driver,,,15:02,15:31,29,,,0,1,1,,10,9,,,
435,8,8,29,commercial_trip,Viagem,trip,1048,IDA,15:31,15:43,12,5614,5614,1,1,2,9,,,21,1,Segmento operacional agrupado com 2 viagens reais.
435,8,8,29,commercial_trip,Viagem,trip,1048,VOLTA,15:43,15:51,8,5617,5617,1,2,1,9,,,22,2,Segmento operacional agrupado com 2 viagens reais.
435,8,8,30,driver_vehicle_change,Troca de veículo,driver,,,15:51,15:51,0,,,0,1,1,,9,3,,,Motorista troca de veículo entre blocos distintos da mesma jornada.
435,8,8,31,mandatory_rest,Descanso obrigatório,driver,,,15:51,16:20,29,,,0,1,1,,9,3,,,
435,8,8,32,commercial_trip,Viagem,trip,1067,IDA,16:20,17:13,53,5638,5638,1,1,2,3,,,23,1,Segmento operacional agrupado com 2 viagens reais.
435,8,8,32,commercial_trip,Viagem,trip,1067,VOLTA,17:13,17:46,33,5647,5647,1,2,1,3,,,24,2,Segmento operacional agrupado com 2 viagens reais.
435,8,8,33,driver_vehicle_change,Troca de veículo,driver,,,17:46,17:46,0,,,0,1,1,,3,13,,,Motorista troca de veículo entre blocos distintos da mesma jornada.
435,8,8,34,mandatory_rest,Descanso obrigatório,driver,,,17:46,18:10,24,,,0,1,1,,3,13,,,
435,8,8,35,commercial_trip,Viagem,trip,1042,IDA,18:10,18:29,19,5659,5659,1,1,2,13,,,25,1,Segmento operacional agrupado com 2 viagens reais.
435,8,8,35,commercial_trip,Viagem,trip,1042,VOLTA,18:29,18:40,11,5663,5663,1,2,1,13,,,26,2,Segmento operacional agrupado com 2 viagens reais.
435,8,8,36,mandatory_rest,Descanso obrigatório,driver,,,18:40,19:00,20,,,0,1,1,,13,13,,,
435,8,8,37,commercial_trip,Viagem,trip,1042,IDA,19:00,19:19,19,5676,5676,1,1,2,13,,,27,1,Segmento operacional agrupado com 2 viagens reais.
435,8,8,37,commercial_trip,Viagem,trip,1042,VOLTA,19:19,19:28,9,5679,5679,1,2,1,13,,,28,2,Segmento operacional agrupado com 2 viagens reais.
435,8,8,38,duty_end,Fim de jornada,driver,,,19:28,19:28,0,,,0,1,1,,,,,,
435,9,9,1,duty_start,Início de jornada,driver,,,05:50,05:50,0,,,0,1,1,,,,,,
435,9,9,2,pullout,Soltura,driver,,,05:50,06:00,10,,,0,1,1,,,,,,
435,9,9,3,commercial_trip,Viagem,trip,1067,IDA,06:00,06:40,40,5462,5462,1,1,2,9,,,1,1,Segmento operacional agrupado com 2 viagens reais.
435,9,9,3,commercial_trip,Viagem,trip,1067,VOLTA,06:40,07:09,29,5474,5474,1,2,1,9,,,2,2,Segmento operacional agrupado com 2 viagens reais.
435,9,9,4,driver_vehicle_change,Troca de veículo,driver,,,07:09,07:09,0,,,0,1,1,,9,11,,,Motorista troca de veículo entre blocos distintos da mesma jornada.
435,9,9,5,normal_break,Intervalo normal,driver,,,07:09,07:35,26,,,0,1,1,,9,11,,,
435,9,9,6,commercial_trip,Viagem,trip,1042,IDA,07:35,07:51,16,5492,5492,1,1,2,11,,,3,1,Segmento operacional agrupado com 2 viagens reais.
435,9,9,6,commercial_trip,Viagem,trip,1042,VOLTA,07:51,08:04,13,5496,5496,1,2,1,11,,,4,2,Segmento operacional agrupado com 2 viagens reais.
435,9,9,7,driver_vehicle_change,Troca de veículo,driver,,,08:04,08:04,0,,,0,1,1,,11,6,,,Motorista troca de veículo entre blocos distintos da mesma jornada.
435,9,9,8,normal_break,Intervalo normal,driver,,,08:04,08:23,19,,,0,1,1,,11,6,,,
435,9,9,9,commercial_trip,Viagem,trip,1048,IDA,08:23,08:36,13,5506,5506,1,1,2,6,,,5,1,Segmento operacional agrupado com 2 viagens reais.
435,9,9,9,commercial_trip,Viagem,trip,1048,VOLTA,08:36,08:44,8,5508,5508,1,2,1,6,,,6,2,Segmento operacional agrupado com 2 viagens reais.
435,9,9,10,driver_vehicle_change,Troca de veículo,driver,,,08:44,08:44,0,,,0,1,1,,6,3,,,Motorista troca de veículo entre blocos distintos da mesma jornada.
435,9,9,11,normal_break,Intervalo normal,driver,,,08:44,09:15,31,,,0,1,1,,6,3,,,
435,9,9,12,commercial_trip,Viagem,trip,1067,IDA,09:15,09:58,43,5528,5528,1,1,2,3,,,7,1,Segmento operacional agrupado com 2 viagens reais.
435,9,9,12,commercial_trip,Viagem,trip,1067,VOLTA,09:58,10:24,26,5536,5536,1,2,1,3,,,8,2,Segmento operacional agrupado com 2 viagens reais.
435,9,9,13,normal_break,Intervalo normal,driver,,,10:24,10:55,31,,,0,1,1,,3,3,,,
435,9,9,14,commercial_trip,Viagem,trip,1042,IDA,10:55,11:12,17,5548,5548,1,1,2,3,,,9,1,Segmento operacional agrupado com 2 viagens reais.
435,9,9,14,commercial_trip,Viagem,trip,1042,VOLTA,11:12,11:24,12,5551,5551,1,2,1,3,,,10,2,Segmento operacional agrupado com 2 viagens reais.
435,9,9,15,driver_vehicle_change,Troca de veículo,driver,,,11:24,11:24,0,,,0,1,1,,3,2,,,Motorista troca de veículo entre blocos distintos da mesma jornada.
435,9,9,16,normal_break,Intervalo normal,driver,,,11:24,11:40,16,,,0,1,1,,3,2,,,
435,9,9,17,commercial_trip,Viagem,trip,1042,IDA,11:40,11:59,19,5560,5560,1,1,2,2,,,11,1,Segmento operacional agrupado com 2 viagens reais.
435,9,9,17,commercial_trip,Viagem,trip,1042,VOLTA,11:59,12:11,12,5562,5562,1,2,1,2,,,12,2,Segmento operacional agrupado com 2 viagens reais.
435,9,9,18,driver_vehicle_change,Troca de veículo,driver,,,12:11,12:11,0,,,0,1,1,,2,3,,,Motorista troca de veículo entre blocos distintos da mesma jornada.
435,9,9,19,mandatory_rest,Descanso obrigatório,driver,,,12:11,12:30,19,,,0,1,1,,2,3,,,
435,9,9,20,commercial_trip,Viagem,trip,1042,IDA,12:30,12:50,20,5573,5573,1,1,2,3,,,13,1,Segmento operacional agrupado com 2 viagens reais.
435,9,9,20,commercial_trip,Viagem,trip,1042,VOLTA,12:50,13:04,14,5575,5575,1,2,1,3,,,14,2,Segmento operacional agrupado com 2 viagens reais.
435,9,9,21,mandatory_rest,Descanso obrigatório,driver,,,13:04,13:20,16,,,0,1,1,,3,3,,,
435,9,9,22,commercial_trip,Viagem,trip,1042,IDA,13:20,13:38,18,5583,5583,1,1,2,3,,,15,1,Segmento operacional agrupado com 2 viagens reais.
435,9,9,22,commercial_trip,Viagem,trip,1042,VOLTA,13:38,13:49,11,5587,5587,1,2,1,3,,,16,2,Segmento operacional agrupado com 2 viagens reais.
435,9,9,23,driver_vehicle_change,Troca de veículo,driver,,,13:49,13:49,0,,,0,1,1,,3,5,,,Motorista troca de veículo entre blocos distintos da mesma jornada.
435,9,9,24,mandatory_rest,Descanso obrigatório,driver,,,13:49,14:10,21,,,0,1,1,,3,5,,,
435,9,9,25,commercial_trip,Viagem,trip,1042,IDA,14:10,14:26,16,5595,5595,1,1,2,5,,,17,1,Segmento operacional agrupado com 2 viagens reais.
435,9,9,25,commercial_trip,Viagem,trip,1042,VOLTA,14:26,14:37,11,5599,5599,1,2,1,5,,,18,2,Segmento operacional agrupado com 2 viagens reais.
435,9,9,26,driver_vehicle_change,Troca de veículo,driver,,,14:37,14:37,0,,,0,1,1,,5,6,,,Motorista troca de veículo entre blocos distintos da mesma jornada.
435,9,9,27,mandatory_rest,Descanso obrigatório,driver,,,14:37,15:00,23,,,0,1,1,,5,6,,,
435,9,9,28,commercial_trip,Viagem,trip,1042,IDA,15:00,15:17,17,5607,5607,1,1,2,6,,,19,1,Segmento operacional agrupado com 2 viagens reais.
435,9,9,28,commercial_trip,Viagem,trip,1042,VOLTA,15:17,15:27,10,5611,5611,1,2,1,6,,,20,2,Segmento operacional agrupado com 2 viagens reais.
435,9,9,29,driver_vehicle_change,Troca de veículo,driver,,,15:27,15:27,0,,,0,1,1,,6,11,,,Motorista troca de veículo entre blocos distintos da mesma jornada.
435,9,9,30,mandatory_rest,Descanso obrigatório,driver,,,15:27,15:55,28,,,0,1,1,,6,11,,,
435,9,9,31,commercial_trip,Viagem,trip,1067,IDA,15:55,16:38,43,5628,5628,1,1,2,11,,,21,1,Segmento operacional agrupado com 2 viagens reais.
435,9,9,31,commercial_trip,Viagem,trip,1067,VOLTA,16:38,17:07,29,5635,5635,1,2,1,11,,,22,2,Segmento operacional agrupado com 2 viagens reais.
435,9,9,32,driver_vehicle_change,Troca de veículo,driver,,,17:07,17:07,0,,,0,1,1,,11,4,,,Motorista troca de veículo entre blocos distintos da mesma jornada.
435,9,9,33,mandatory_rest,Descanso obrigatório,driver,,,17:07,17:25,18,,,0,1,1,,11,4,,,
435,9,9,34,commercial_trip,Viagem,trip,1042,IDA,17:25,17:45,20,5645,5645,1,1,2,4,,,23,1,Segmento operacional agrupado com 2 viagens reais.
435,9,9,34,commercial_trip,Viagem,trip,1042,VOLTA,17:45,17:57,12,5649,5649,1,2,1,4,,,24,2,Segmento operacional agrupado com 2 viagens reais.
435,9,9,35,mandatory_rest,Descanso obrigatório,driver,,,17:57,18:15,18,,,0,1,1,,4,4,,,
435,9,9,36,commercial_trip,Viagem,trip,1048,IDA,18:15,18:30,15,5660,5660,1,1,2,4,,,25,1,Segmento operacional agrupado com 2 viagens reais.
435,9,9,36,commercial_trip,Viagem,trip,1048,VOLTA,18:30,18:37,7,5662,5662,1,2,1,4,,,26,2,Segmento operacional agrupado com 2 viagens reais.
435,9,9,37,mandatory_rest,Descanso obrigatório,driver,,,18:37,19:09,32,,,0,1,1,,4,4,,,
435,9,9,38,commercial_trip,Viagem,trip,1048,IDA,19:09,19:22,13,5678,5678,1,1,2,4,,,27,1,Segmento operacional agrupado com 2 viagens reais.
435,9,9,38,commercial_trip,Viagem,trip,1048,VOLTA,19:22,19:29,7,5680,5680,1,2,1,4,,,28,2,Segmento operacional agrupado com 2 viagens reais.
435,9,9,39,duty_end,Fim de jornada,driver,,,19:29,19:29,0,,,0,1,1,,,,,,
435,10,10,1,duty_start,Início de jornada,driver,,,06:00,06:00,0,,,0,1,1,,,,,,
435,10,10,2,pullout,Soltura,driver,,,06:00,06:10,10,,,0,1,1,,,,,,
435,10,10,3,commercial_trip,Viagem,trip,1042,IDA,06:10,06:25,15,5456,5456,1,1,2,10,,,1,1,Segmento operacional agrupado com 2 viagens reais.
435,10,10,3,commercial_trip,Viagem,trip,1042,VOLTA,06:25,06:37,12,5460,5460,1,2,1,10,,,2,2,Segmento operacional agrupado com 2 viagens reais.
435,10,10,4,normal_break,Intervalo normal,driver,,,06:37,07:00,23,,,0,1,1,,10,10,,,
435,10,10,5,commercial_trip,Viagem,trip,1067,IDA,07:00,07:47,47,5489,5489,1,1,2,10,,,3,1,Segmento operacional agrupado com 2 viagens reais.
435,10,10,5,commercial_trip,Viagem,trip,1067,VOLTA,07:47,08:16,29,5500,5500,1,2,1,10,,,4,2,Segmento operacional agrupado com 2 viagens reais.
435,10,10,6,normal_break,Intervalo normal,driver,,,08:16,08:35,19,,,0,1,1,,10,10,,,
435,10,10,7,commercial_trip,Viagem,trip,1042,IDA,08:35,08:52,17,5510,5510,1,1,2,10,,,5,1,Segmento operacional agrupado com 2 viagens reais.
435,10,10,7,commercial_trip,Viagem,trip,1042,VOLTA,08:52,09:05,13,5513,5513,1,2,1,10,,,6,2,Segmento operacional agrupado com 2 viagens reais.
435,10,10,8,driver_vehicle_change,Troca de veículo,driver,,,09:05,09:05,0,,,0,1,1,,10,9,,,Motorista troca de veículo entre blocos distintos da mesma jornada.
435,10,10,9,normal_break,Intervalo normal,driver,,,09:05,09:35,30,,,0,1,1,,10,9,,,
435,10,10,10,commercial_trip,Viagem,trip,1042,IDA,09:35,09:51,16,5526,5526,1,1,2,9,,,7,1,Segmento operacional agrupado com 2 viagens reais.
435,10,10,10,commercial_trip,Viagem,trip,1042,VOLTA,09:51,10:03,12,5530,5530,1,2,1,9,,,8,2,Segmento operacional agrupado com 2 viagens reais.
435,10,10,11,driver_vehicle_change,Troca de veículo,driver,,,10:03,10:03,0,,,0,1,1,,9,12,,,Motorista troca de veículo entre blocos distintos da mesma jornada.
435,10,10,12,normal_break,Intervalo normal,driver,,,10:03,10:23,20,,,0,1,1,,9,12,,,
435,10,10,13,commercial_trip,Viagem,trip,1048,IDA,10:23,10:37,14,5538,5538,1,1,2,12,,,9,1,Segmento operacional agrupado com 2 viagens reais.
435,10,10,13,commercial_trip,Viagem,trip,1048,VOLTA,10:37,10:45,8,5540,5540,1,2,1,12,,,10,2,Segmento operacional agrupado com 2 viagens reais.
435,10,10,14,driver_vehicle_change,Troca de veículo,driver,,,10:45,10:45,0,,,0,1,1,,12,6,,,Motorista troca de veículo entre blocos distintos da mesma jornada.
435,10,10,15,normal_break,Intervalo normal,driver,,,10:45,11:20,35,,,0,1,1,,12,6,,,
435,10,10,16,commercial_trip,Viagem,trip,1067,IDA,11:20,11:59,39,5559,5559,1,1,2,6,,,11,1,Segmento operacional agrupado com 2 viagens reais.
435,10,10,16,commercial_trip,Viagem,trip,1067,VOLTA,11:59,12:25,26,5566,5566,1,2,1,6,,,12,2,Segmento operacional agrupado com 2 viagens reais.
435,10,10,17,mandatory_rest,Descanso obrigatório,driver,,,12:25,12:47,22,,,0,1,1,,6,6,,,
435,10,10,18,commercial_trip,Viagem,trip,1048,IDA,12:47,13:01,14,5574,5574,1,1,2,6,,,13,1,Segmento operacional agrupado com 2 viagens reais.
435,10,10,18,commercial_trip,Viagem,trip,1048,VOLTA,13:01,13:08,7,5576,5576,1,2,1,6,,,14,2,Segmento operacional agrupado com 2 viagens reais.
435,10,10,19,mandatory_rest,Descanso obrigatório,driver,,,13:08,13:35,27,,,0,1,1,,6,6,,,
435,10,10,20,commercial_trip,Viagem,trip,1048,IDA,13:35,13:49,14,5586,5586,1,1,2,6,,,15,1,Segmento operacional agrupado com 2 viagens reais.
435,10,10,20,commercial_trip,Viagem,trip,1048,VOLTA,13:49,13:56,7,5588,5588,1,2,1,6,,,16,2,Segmento operacional agrupado com 2 viagens reais.
435,10,10,21,driver_vehicle_change,Troca de veículo,driver,,,13:56,13:56,0,,,0,1,1,,6,11,,,Motorista troca de veículo entre blocos distintos da mesma jornada.
435,10,10,22,mandatory_rest,Descanso obrigatório,driver,,,13:56,14:15,19,,,0,1,1,,6,11,,,
435,10,10,23,commercial_trip,Viagem,trip,1067,IDA,14:15,14:57,42,5602,5602,1,1,2,11,,,17,1,Segmento operacional agrupado com 2 viagens reais.
435,10,10,23,commercial_trip,Viagem,trip,1067,VOLTA,14:57,15:24,27,5610,5610,1,2,1,11,,,18,2,Segmento operacional agrupado com 2 viagens reais.
435,10,10,24,driver_vehicle_change,Troca de veículo,driver,,,15:24,15:24,0,,,0,1,1,,11,6,,,Motorista troca de veículo entre blocos distintos da mesma jornada.
435,10,10,25,mandatory_rest,Descanso obrigatório,driver,,,15:24,15:51,27,,,0,1,1,,11,6,,,
435,10,10,26,commercial_trip,Viagem,trip,1048,IDA,15:51,16:03,12,5619,5619,1,1,2,6,,,19,1,Segmento operacional agrupado com 2 viagens reais.
435,10,10,26,commercial_trip,Viagem,trip,1048,VOLTA,16:03,16:11,8,5621,5621,1,2,1,6,,,20,2,Segmento operacional agrupado com 2 viagens reais.
435,10,10,27,mandatory_rest,Descanso obrigatório,driver,,,16:11,16:27,16,,,0,1,1,,6,6,,,
435,10,10,28,commercial_trip,Viagem,trip,1048,IDA,16:27,16:41,14,5629,5629,1,1,2,6,,,21,1,Segmento operacional agrupado com 2 viagens reais.
435,10,10,28,commercial_trip,Viagem,trip,1048,VOLTA,16:41,16:49,8,5632,5632,1,2,1,6,,,22,2,Segmento operacional agrupado com 2 viagens reais.
435,10,10,29,mandatory_rest,Descanso obrigatório,driver,,,16:49,17:05,16,,,0,1,1,,6,6,,,
435,10,10,30,commercial_trip,Viagem,trip,1042,IDA,17:05,17:25,20,5640,5640,1,1,2,6,,,23,1,Segmento operacional agrupado com 2 viagens reais.
435,10,10,30,commercial_trip,Viagem,trip,1042,VOLTA,17:25,17:37,12,5643,5643,1,2,1,6,,,24,2,Segmento operacional agrupado com 2 viagens reais.
435,10,10,31,driver_vehicle_change,Troca de veículo,driver,,,17:37,17:37,0,,,0,1,1,,6,9,,,Motorista troca de veículo entre blocos distintos da mesma jornada.
435,10,10,32,mandatory_rest,Descanso obrigatório,driver,,,17:37,17:57,20,,,0,1,1,,6,9,,,
435,10,10,33,commercial_trip,Viagem,trip,1048,IDA,17:57,18:13,16,5654,5654,1,1,2,9,,,25,1,Segmento operacional agrupado com 2 viagens reais.
435,10,10,33,commercial_trip,Viagem,trip,1048,VOLTA,18:13,18:20,7,5657,5657,1,2,1,9,,,26,2,Segmento operacional agrupado com 2 viagens reais.
435,10,10,34,mandatory_rest,Descanso obrigatório,driver,,,18:20,18:40,20,,,0,1,1,,9,9,,,
435,10,10,35,commercial_trip,Viagem,trip,1042,IDA,18:40,18:59,19,5670,5670,1,1,2,9,,,27,1,Segmento operacional agrupado com 2 viagens reais.
435,10,10,35,commercial_trip,Viagem,trip,1042,VOLTA,18:59,19:09,10,5673,5673,1,2,1,9,,,28,2,Segmento operacional agrupado com 2 viagens reais.
435,10,10,36,mandatory_rest,Descanso obrigatório,driver,,,19:09,19:27,18,,,0,1,1,,9,9,,,
435,10,10,37,commercial_trip,Viagem,trip,1048,IDA,19:27,19:40,13,5682,5682,1,1,2,9,,,29,1,Segmento operacional agrupado com 2 viagens reais.
435,10,10,37,commercial_trip,Viagem,trip,1048,VOLTA,19:40,19:47,7,5685,5685,1,2,1,9,,,30,2,Segmento operacional agrupado com 2 viagens reais.
435,10,10,38,duty_end,Fim de jornada,driver,,,19:47,19:47,0,,,0,1,1,,,,,,
435,12,12,1,duty_start,Início de jornada,driver,,,06:34,06:34,0,,,0,1,1,,,,,,
435,12,12,2,commercial_trip,Viagem,trip,1042,IDA,06:34,06:49,15,5466,5466,1,1,2,6,,,1,1,Segmento operacional agrupado com 2 viagens reais.
435,12,12,2,commercial_trip,Viagem,trip,1042,VOLTA,06:49,07:01,12,5472,5472,1,2,1,6,,,2,2,Segmento operacional agrupado com 2 viagens reais.
435,12,12,3,driver_vehicle_change,Troca de veículo,driver,,,07:01,07:01,0,,,0,1,1,,6,3,,,Motorista troca de veículo entre blocos distintos da mesma jornada.
435,12,12,4,normal_break,Intervalo normal,driver,,,07:01,07:20,19,,,0,1,1,,6,3,,,
435,12,12,5,commercial_trip,Viagem,trip,1067,IDA,07:20,08:07,47,5497,5497,1,1,2,3,,,3,1,Segmento operacional agrupado com 2 viagens reais.
435,12,12,5,commercial_trip,Viagem,trip,1067,VOLTA,08:07,08:36,29,5505,5505,1,2,1,3,,,4,2,Segmento operacional agrupado com 2 viagens reais.
435,12,12,6,driver_vehicle_change,Troca de veículo,driver,,,08:36,08:36,0,,,0,1,1,,3,4,,,Motorista troca de veículo entre blocos distintos da mesma jornada.
435,12,12,7,normal_break,Intervalo normal,driver,,,08:36,08:55,19,,,0,1,1,,3,4,,,
435,12,12,8,commercial_trip,Viagem,trip,1042,IDA,08:55,09:12,17,5517,5517,1,1,2,4,,,5,1,Segmento operacional agrupado com 2 viagens reais.
435,12,12,8,commercial_trip,Viagem,trip,1042,VOLTA,09:12,09:24,12,5519,5519,1,2,1,4,,,6,2,Segmento operacional agrupado com 2 viagens reais.
435,12,12,9,normal_break,Intervalo normal,driver,,,09:24,09:40,16,,,0,1,1,,4,4,,,
435,12,12,10,commercial_trip,Viagem,trip,1067,IDA,09:40,10:23,43,5534,5534,1,1,2,4,,,7,1,Segmento operacional agrupado com 2 viagens reais.
435,12,12,10,commercial_trip,Viagem,trip,1067,VOLTA,10:23,10:49,26,5542,5542,1,2,1,4,,,8,2,Segmento operacional agrupado com 2 viagens reais.
435,12,12,11,driver_vehicle_change,Troca de veículo,driver,,,10:49,10:49,0,,,0,1,1,,4,12,,,Motorista troca de veículo entre blocos distintos da mesma jornada.
435,12,12,12,normal_break,Intervalo normal,driver,,,10:49,11:11,22,,,0,1,1,,4,12,,,
435,12,12,13,commercial_trip,Viagem,trip,1048,IDA,11:11,11:24,13,5550,5550,1,1,2,12,,,9,1,Segmento operacional agrupado com 2 viagens reais.
435,12,12,13,commercial_trip,Viagem,trip,1048,VOLTA,11:24,11:33,9,5552,5552,1,2,1,12,,,10,2,Segmento operacional agrupado com 2 viagens reais.
435,12,12,14,normal_break,Intervalo normal,driver,,,11:33,11:59,26,,,0,1,1,,12,12,,,
435,12,12,15,commercial_trip,Viagem,trip,1048,IDA,11:59,12:12,13,5563,5563,1,1,2,12,,,11,1,Segmento operacional agrupado com 2 viagens reais.
435,12,12,15,commercial_trip,Viagem,trip,1048,VOLTA,12:12,12:20,8,5564,5564,1,2,1,12,,,12,2,Segmento operacional agrupado com 2 viagens reais.
435,12,12,16,mandatory_rest,Descanso obrigatório,driver,,,12:20,12:35,15,,,0,1,1,,12,12,,,
435,12,12,17,commercial_trip,Viagem,trip,1067,IDA,12:35,13:15,40,5577,5577,1,1,2,12,,,13,1,Segmento operacional agrupado com 2 viagens reais.
435,12,12,17,commercial_trip,Viagem,trip,1067,VOLTA,13:15,13:42,27,5585,5585,1,2,1,12,,,14,2,Segmento operacional agrupado com 2 viagens reais.
435,12,12,18,mandatory_rest,Descanso obrigatório,driver,,,13:42,13:59,17,,,0,1,1,,12,12,,,
435,12,12,19,commercial_trip,Viagem,trip,1048,IDA,13:59,14:13,14,5592,5592,1,1,2,12,,,15,1,Segmento operacional agrupado com 2 viagens reais.
435,12,12,19,commercial_trip,Viagem,trip,1048,VOLTA,14:13,14:21,8,5594,5594,1,2,1,12,,,16,2,Segmento operacional agrupado com 2 viagens reais.
435,12,12,20,driver_vehicle_change,Troca de veículo,driver,,,14:21,14:21,0,,,0,1,1,,12,2,,,Motorista troca de veículo entre blocos distintos da mesma jornada.
435,12,12,21,mandatory_rest,Descanso obrigatório,driver,,,14:21,14:40,19,,,0,1,1,,12,2,,,
435,12,12,22,commercial_trip,Viagem,trip,1067,IDA,14:40,15:22,42,5608,5608,1,1,2,2,,,17,1,Segmento operacional agrupado com 2 viagens reais.
435,12,12,22,commercial_trip,Viagem,trip,1067,VOLTA,15:22,15:49,27,5616,5616,1,2,1,2,,,18,2,Segmento operacional agrupado com 2 viagens reais.
435,12,12,23,driver_vehicle_change,Troca de veículo,driver,,,15:49,15:49,0,,,0,1,1,,2,9,,,Motorista troca de veículo entre blocos distintos da mesma jornada.
435,12,12,24,mandatory_rest,Descanso obrigatório,driver,,,15:49,16:09,20,,,0,1,1,,2,9,,,
435,12,12,25,commercial_trip,Viagem,trip,1048,IDA,16:09,16:23,14,5625,5625,1,1,2,9,,,19,1,Segmento operacional agrupado com 2 viagens reais.
435,12,12,25,commercial_trip,Viagem,trip,1048,VOLTA,16:23,16:31,8,5626,5626,1,2,1,9,,,20,2,Segmento operacional agrupado com 2 viagens reais.
435,12,12,26,mandatory_rest,Descanso obrigatório,driver,,,16:31,17:03,32,,,0,1,1,,9,9,,,
435,12,12,27,commercial_trip,Viagem,trip,1048,IDA,17:03,17:19,16,5639,5639,1,1,2,9,,,21,1,Segmento operacional agrupado com 2 viagens reais.
435,12,12,27,commercial_trip,Viagem,trip,1048,VOLTA,17:19,17:27,8,5641,5641,1,2,1,9,,,22,2,Segmento operacional agrupado com 2 viagens reais.
435,12,12,28,driver_vehicle_change,Troca de veículo,driver,,,17:27,17:27,0,,,0,1,1,,9,6,,,Motorista troca de veículo entre blocos distintos da mesma jornada.
435,12,12,29,mandatory_rest,Descanso obrigatório,driver,,,17:27,17:55,28,,,0,1,1,,9,6,,,
435,12,12,30,commercial_trip,Viagem,trip,1042,IDA,17:55,18:15,20,5656,5656,1,1,2,6,,,23,1,Segmento operacional agrupado com 2 viagens reais.
435,12,12,30,commercial_trip,Viagem,trip,1042,VOLTA,18:15,18:26,11,5658,5658,1,2,1,6,,,24,2,Segmento operacional agrupado com 2 viagens reais.
435,12,12,31,mandatory_rest,Descanso obrigatório,driver,,,18:26,18:50,24,,,0,1,1,,6,6,,,
435,12,12,32,commercial_trip,Viagem,trip,1067,IDA,18:50,19:43,53,5683,5683,1,1,2,6,,,25,1,Segmento operacional agrupado com 2 viagens reais.
435,12,12,32,commercial_trip,Viagem,trip,1067,VOLTA,19:43,20:07,24,5691,5691,1,2,1,6,,,26,2,Segmento operacional agrupado com 2 viagens reais.
435,12,12,33,duty_end,Fim de jornada,driver,,,20:07,20:07,0,,,0,1,1,,,,,,
435,13,13,1,duty_start,Início de jornada,driver,,,06:40,06:40,0,,,0,1,1,,,,,,
435,13,13,2,pullout,Soltura,driver,,,06:40,06:50,10,,,0,1,1,,,,,,
435,13,13,3,commercial_trip,Viagem,trip,1042,IDA,06:50,07:05,15,5473,5473,1,1,2,13,,,1,1,Segmento operacional agrupado com 2 viagens reais.
435,13,13,3,commercial_trip,Viagem,trip,1042,VOLTA,07:05,07:18,13,5479,5479,1,2,1,13,,,2,2,Segmento operacional agrupado com 2 viagens reais.
435,13,13,4,duty_end,Fim de jornada,driver,,,20:25,20:25,0,,,0,1,1,,,,,,
435,14,14,1,duty_start,Início de jornada,driver,,,13:15,13:15,0,,,0,2,2,,,,,,
435,14,14,2,pullout,Soltura,driver,,,13:15,13:25,10,,,0,2,2,,,,,,
435,14,14,3,commercial_trip,Viagem,trip,1067,IDA,13:25,14:07,42,5590,5590,1,2,1,14,,,1,1,Segmento operacional agrupado com 2 viagens reais.
435,14,14,3,commercial_trip,Viagem,trip,1067,VOLTA,14:07,14:34,27,5597,5597,1,1,2,14,,,2,2,Segmento operacional agrupado com 2 viagens reais.
435,14,14,4,pullback,Recolhimento,driver,,,14:34,14:44,10,,,0,2,2,,,,,,
435,14,14,5,duty_end,Fim de jornada,driver,,,14:44,14:44,0,,,0,2,2,,,,,,
435,15,15,1,duty_start,Início de jornada,driver,,,18:25,18:25,0,,,0,1,1,,,,,,
435,15,15,2,commercial_trip,Viagem,trip,1042,IDA,18:25,18:44,19,5665,5665,1,1,2,11,,,1,1,Segmento operacional agrupado com 2 viagens reais.
435,15,15,2,commercial_trip,Viagem,trip,1042,VOLTA,18:44,18:55,11,5668,5668,1,2,1,11,,,2,2,Segmento operacional agrupado com 2 viagens reais.
435,15,15,3,driver_vehicle_change,Troca de veículo,driver,,,18:55,18:55,0,,,0,1,1,,11,12,,,Motorista troca de veículo entre blocos distintos da mesma jornada.
435,15,15,4,normal_break,Intervalo normal,driver,,,18:55,19:15,20,,,0,1,1,,11,12,,,
435,15,15,5,commercial_trip,Viagem,trip,1067,IDA,19:15,20:00,45,5689,5689,1,1,2,12,,,3,1,Segmento operacional agrupado com 2 viagens reais.
435,15,15,5,commercial_trip,Viagem,trip,1067,VOLTA,20:00,20:24,24,5696,5696,1,2,1,12,,,4,2,Segmento operacional agrupado com 2 viagens reais.
435,15,15,6,driver_vehicle_change,Troca de veículo,driver,,,20:24,20:24,0,,,0,1,1,,12,10,,,Motorista troca de veículo entre blocos distintos da mesma jornada.
435,15,15,7,normal_break,Intervalo normal,driver,,,20:24,20:40,16,,,0,1,1,,12,10,,,
435,15,15,8,commercial_trip,Viagem,trip,1067,IDA,20:40,21:21,41,5707,5707,1,1,2,10,,,5,1,Segmento operacional agrupado com 2 viagens reais.
435,15,15,8,commercial_trip,Viagem,trip,1067,VOLTA,21:21,21:45,24,5709,5709,1,2,1,10,,,6,2,Segmento operacional agrupado com 2 viagens reais.
435,15,15,9,driver_vehicle_change,Troca de veículo,driver,,,21:45,21:45,0,,,0,1,1,,10,11,,,Motorista troca de veículo entre blocos distintos da mesma jornada.
435,15,15,10,normal_break,Intervalo normal,driver,,,21:45,22:20,35,,,0,1,1,,10,11,,,
435,15,15,11,commercial_trip,Viagem,trip,104201,IDA,22:20,22:47,27,5714,5714,1,1,2,11,,,7,1,Segmento operacional agrupado com 2 viagens reais.
435,15,15,11,commercial_trip,Viagem,trip,104201,VOLTA,22:47,22:58,11,5716,5716,1,2,1,11,,,8,2,Segmento operacional agrupado com 2 viagens reais.
435,15,15,12,normal_break,Intervalo normal,driver,,,22:58,23:25,27,,,0,1,1,,11,11,,,
435,15,15,13,commercial_trip,Viagem,trip,1067,IDA,23:25,23:54,29,5720,5720,1,1,2,11,,,9,1,Segmento operacional agrupado com 2 viagens reais.
435,15,15,13,commercial_trip,Viagem,trip,1067,VOLTA,23:54,24:09,15,5423,5423,1,2,1,11,,,10,2,Segmento operacional agrupado com 2 viagens reais.
435,15,15,14,pullback,Recolhimento,driver,,,24:09,24:19,10,,,0,1,1,,,,,,
435,15,15,15,duty_end,Fim de jornada,driver,,,24:19,24:19,0,,,0,1,1,,,,,,
435,16,16,1,duty_start,Início de jornada,driver,,,18:33,18:33,0,,,0,1,1,,,,,,
435,16,16,2,commercial_trip,Viagem,trip,1048,IDA,18:33,18:48,15,5666,5666,1,1,2,12,,,1,1,Segmento operacional agrupado com 2 viagens reais.
435,16,16,2,commercial_trip,Viagem,trip,1048,VOLTA,18:48,18:55,7,5669,5669,1,2,1,12,,,2,2,Segmento operacional agrupado com 2 viagens reais.
435,16,16,3,driver_vehicle_change,Troca de veículo,driver,,,18:55,18:55,0,,,0,1,1,,12,5,,,Motorista troca de veículo entre blocos distintos da mesma jornada.
435,16,16,4,normal_break,Intervalo normal,driver,,,18:55,19:20,25,,,0,1,1,,12,5,,,
435,16,16,5,commercial_trip,Viagem,trip,1042,IDA,19:20,19:39,19,5681,5681,1,1,2,5,,,3,1,Segmento operacional agrupado com 2 viagens reais.
435,16,16,5,commercial_trip,Viagem,trip,1042,VOLTA,19:39,19:48,9,5686,5686,1,2,1,5,,,4,2,Segmento operacional agrupado com 2 viagens reais.
435,16,16,6,driver_vehicle_change,Troca de veículo,driver,,,19:48,19:48,0,,,0,1,1,,5,3,,,Motorista troca de veículo entre blocos distintos da mesma jornada.
435,16,16,7,normal_break,Intervalo normal,driver,,,19:48,20:03,15,,,0,1,1,,5,3,,,
435,16,16,8,commercial_trip,Viagem,trip,1048,IDA,20:03,20:14,11,5693,5693,1,1,2,3,,,5,1,Segmento operacional agrupado com 2 viagens reais.
435,16,16,8,commercial_trip,Viagem,trip,1048,VOLTA,20:14,20:20,6,5695,5695,1,2,1,3,,,6,2,Segmento operacional agrupado com 2 viagens reais.
435,16,16,9,driver_vehicle_change,Troca de veículo,driver,,,20:20,20:20,0,,,0,1,1,,3,6,,,Motorista troca de veículo entre blocos distintos da mesma jornada.
435,16,16,10,normal_break,Intervalo normal,driver,,,20:20,20:50,30,,,0,1,1,,3,6,,,
435,16,16,11,commercial_trip,Viagem,trip,104201,IDA,20:50,21:17,27,5705,5705,1,1,2,6,,,7,1,Segmento operacional agrupado com 2 viagens reais.
435,16,16,11,commercial_trip,Viagem,trip,104201,VOLTA,21:17,21:28,11,5708,5708,1,2,1,6,,,8,2,Segmento operacional agrupado com 2 viagens reais.
435,16,16,12,driver_vehicle_change,Troca de veículo,driver,,,21:28,21:28,0,,,0,1,1,,6,8,,,Motorista troca de veículo entre blocos distintos da mesma jornada.
435,16,16,13,normal_break,Intervalo normal,driver,,,21:28,22:25,57,,,0,1,1,,6,8,,,
435,16,16,14,commercial_trip,Viagem,trip,1067,IDA,22:25,22:58,33,5715,5715,1,1,2,8,,,9,1,Segmento operacional agrupado com 2 viagens reais.
435,16,16,14,commercial_trip,Viagem,trip,1067,VOLTA,22:58,23:15,17,5717,5717,1,2,1,8,,,10,2,Segmento operacional agrupado com 2 viagens reais.
435,16,16,15,pullback,Recolhimento,driver,,,23:15,23:25,10,,,0,1,1,,,,,,
435,16,16,16,duty_end,Fim de jornada,driver,,,23:25,23:25,0,,,0,1,1,,,,,,
435,17,17,1,duty_start,Início de jornada,driver,,,19:40,19:40,0,,,0,1,1,,,,,,
435,17,17,2,commercial_trip,Viagem,trip,1067,IDA,19:40,20:25,45,5697,5697,1,1,2,2,,,1,1,Segmento operacional agrupado com 2 viagens reais.
435,17,17,2,commercial_trip,Viagem,trip,1067,VOLTA,20:25,20:49,24,5703,5703,1,2,1,2,,,2,2,Segmento operacional agrupado com 2 viagens reais.
435,17,17,3,driver_vehicle_change,Troca de veículo,driver,,,20:49,20:49,0,,,0,1,1,,2,3,,,Motorista troca de veículo entre blocos distintos da mesma jornada.
435,17,17,4,normal_break,Intervalo normal,driver,,,20:49,21:30,41,,,0,1,1,,2,3,,,
435,17,17,5,commercial_trip,Viagem,trip,1067,IDA,21:30,22:03,33,5711,5711,1,1,2,3,,,3,1,Segmento operacional agrupado com 2 viagens reais.
435,17,17,5,commercial_trip,Viagem,trip,1067,VOLTA,22:03,22:25,22,5713,5713,1,2,1,3,,,4,2,Segmento operacional agrupado com 2 viagens reais.
435,17,17,6,driver_vehicle_change,Troca de veículo,driver,,,22:25,22:25,0,,,0,1,1,,3,4,,,Motorista troca de veículo entre blocos distintos da mesma jornada.
435,17,17,7,normal_break,Intervalo normal,driver,,,22:25,23:05,40,,,0,1,1,,3,4,,,
435,17,17,8,commercial_trip,Viagem,trip,104201,IDA,23:05,23:32,27,5718,5718,1,1,2,4,,,5,1,Segmento operacional agrupado com 2 viagens reais.
435,17,17,8,commercial_trip,Viagem,trip,104201,VOLTA,23:32,23:43,11,5719,5719,1,2,1,4,,,6,2,Segmento operacional agrupado com 2 viagens reais.
435,17,17,9,normal_break,Intervalo normal,driver,,,23:43,24:05,22,,,0,1,1,,4,4,,,
435,17,17,10,commercial_trip,Viagem,trip,104201,IDA,24:05,24:32,27,5424,5424,1,1,2,4,,,7,1,Segmento operacional agrupado com 2 viagens reais.
435,17,17,10,commercial_trip,Viagem,trip,104201,VOLTA,24:32,24:43,11,5425,5425,1,2,1,4,,,8,2,Segmento operacional agrupado com 2 viagens reais.
435,17,17,11,pullback,Recolhimento,driver,,,24:43,24:53,10,,,0,1,1,,,,,,
435,17,17,12,duty_end,Fim de jornada,driver,,,24:53,24:53,0,,,0,1,1,,,,,,
435,18,18,1,duty_start,Início de jornada,driver,,,18:51,18:51,0,,,0,1,1,,,,,,
435,18,18,2,commercial_trip,Viagem,trip,1048,IDA,18:51,19:06,15,5672,5672,1,1,2,8,,,1,1,Segmento operacional agrupado com 2 viagens reais.
435,18,18,2,commercial_trip,Viagem,trip,1048,VOLTA,19:06,19:13,7,5674,5674,1,2,1,8,,,2,2,Segmento operacional agrupado com 2 viagens reais.
435,18,18,3,driver_vehicle_change,Troca de veículo,driver,,,19:13,19:13,0,,,0,1,1,,8,13,,,Motorista troca de veículo entre blocos distintos da mesma jornada.
435,18,18,4,normal_break,Intervalo normal,driver,,,19:13,19:45,32,,,0,1,1,,8,13,,,
435,18,18,5,commercial_trip,Viagem,trip,1048,IDA,19:45,19:58,13,5687,5687,1,1,2,13,,,3,1,Segmento operacional agrupado com 2 viagens reais.
435,18,18,5,commercial_trip,Viagem,trip,1048,VOLTA,19:58,20:05,7,5690,5690,1,2,1,13,,,4,2,Segmento operacional agrupado com 2 viagens reais.
435,18,18,6,driver_vehicle_change,Troca de veículo,driver,,,20:05,20:05,0,,,0,1,1,,13,9,,,Motorista troca de veículo entre blocos distintos da mesma jornada.
435,18,18,7,normal_break,Intervalo normal,driver,,,20:05,20:20,15,,,0,1,1,,13,9,,,
435,18,18,8,commercial_trip,Viagem,trip,1042,IDA,20:20,20:36,16,5699,5699,1,1,2,9,,,5,1,Segmento operacional agrupado com 2 viagens reais.
435,18,18,8,commercial_trip,Viagem,trip,1042,VOLTA,20:36,20:45,9,5701,5701,1,2,1,9,,,6,2,Segmento operacional agrupado com 2 viagens reais.
435,18,18,9,pullback,Recolhimento,driver,,,20:45,20:55,10,,,0,1,1,,,,,,
435,18,18,10,duty_end,Fim de jornada,driver,,,20:55,20:55,0,,,0,1,1,,,,,,
435,19,19,1,duty_start,Início de jornada,driver,,,17:35,17:35,0,,,0,1,1,,,,,,
435,19,19,2,commercial_trip,Viagem,trip,1067,IDA,17:35,18:34,59,5661,5661,1,1,2,5,,,1,1,Segmento operacional agrupado com 2 viagens reais.
435,19,19,2,commercial_trip,Viagem,trip,1067,VOLTA,18:34,19:00,26,5671,5671,1,2,1,5,,,2,2,Segmento operacional agrupado com 2 viagens reais.
435,19,19,3,normal_break,Intervalo normal,driver,,,19:00,20:10,70,,,0,1,1,,5,5,,,
435,19,19,4,commercial_trip,Viagem,trip,1067,IDA,20:10,20:55,45,5704,5704,1,1,2,5,,,3,1,Segmento operacional agrupado com 2 viagens reais.
435,19,19,4,commercial_trip,Viagem,trip,1067,VOLTA,20:55,21:19,24,5706,5706,1,2,1,5,,,4,2,Segmento operacional agrupado com 2 viagens reais.
435,19,19,5,driver_vehicle_change,Troca de veículo,driver,,,21:19,21:19,0,,,0,1,1,,5,12,,,Motorista troca de veículo entre blocos distintos da mesma jornada.
435,19,19,6,normal_break,Intervalo normal,driver,,,21:19,21:35,16,,,0,1,1,,5,12,,,
435,19,19,7,commercial_trip,Viagem,trip,104201,IDA,21:35,22:02,27,5710,5710,1,1,2,12,,,5,1,Segmento operacional agrupado com 2 viagens reais.
435,19,19,7,commercial_trip,Viagem,trip,104201,VOLTA,22:02,22:13,11,5712,5712,1,2,1,12,,,6,2,Segmento operacional agrupado com 2 viagens reais.
435,19,19,8,pullback,Recolhimento,driver,,,22:13,22:23,10,,,0,1,1,,,,,,
435,19,19,9,duty_end,Fim de jornada,driver,,,22:23,22:23,0,,,0,1,1,,,,,,
435,20,20,1,duty_start,Início de jornada,driver,,,18:00,18:00,0,,,0,1,1,,,,,,
435,20,20,2,commercial_trip,Viagem,trip,1067,IDA,18:00,18:54,54,5667,5667,1,1,2,10,,,1,1,Segmento operacional agrupado com 2 viagens reais.
435,20,20,2,commercial_trip,Viagem,trip,1067,VOLTA,18:54,19:20,26,5677,5677,1,2,1,10,,,2,2,Segmento operacional agrupado com 2 viagens reais.
435,20,20,3,driver_vehicle_change,Troca de veículo,driver,,,19:20,19:20,0,,,0,1,1,,10,8,,,Motorista troca de veículo entre blocos distintos da mesma jornada.
435,20,20,4,normal_break,Intervalo normal,driver,,,19:20,19:40,20,,,0,1,1,,10,8,,,
435,20,20,5,commercial_trip,Viagem,trip,1042,IDA,19:40,19:59,19,5688,5688,1,1,2,8,,,3,1,Segmento operacional agrupado com 2 viagens reais.
435,20,20,5,commercial_trip,Viagem,trip,1042,VOLTA,19:59,20:08,9,5692,5692,1,2,1,8,,,4,2,Segmento operacional agrupado com 2 viagens reais.
435,20,20,6,driver_vehicle_change,Troca de veículo,driver,,,20:08,20:08,0,,,0,1,1,,8,13,,,Motorista troca de veículo entre blocos distintos da mesma jornada.
435,20,20,7,normal_break,Intervalo normal,driver,,,20:08,20:30,22,,,0,1,1,,8,13,,,
435,20,20,8,commercial_trip,Viagem,trip,1048,IDA,20:30,20:41,11,5700,5700,1,1,2,13,,,5,1,Segmento operacional agrupado com 2 viagens reais.
435,20,20,8,commercial_trip,Viagem,trip,1048,VOLTA,20:41,20:47,6,5702,5702,1,2,1,13,,,6,2,Segmento operacional agrupado com 2 viagens reais.
435,20,20,9,pullback,Recolhimento,driver,,,20:47,20:57,10,,,0,1,1,,,,,,
435,20,20,10,duty_end,Fim de jornada,driver,,,20:57,20:57,0,,,0,1,1,,,,,,
435,21,21,1,duty_start,Início de jornada,driver,,,06:09,06:09,0,,,0,1,1,,,,,,
435,21,21,2,pullout,Soltura,driver,,,06:09,06:19,10,,,0,1,1,,,,,,
435,21,21,3,commercial_trip,Viagem,trip,1048,IDA,06:19,06:30,11,5458,5458,1,1,2,11,,,1,1,Segmento operacional agrupado com 2 viagens reais.
435,21,21,3,commercial_trip,Viagem,trip,1048,VOLTA,06:30,06:37,7,5461,5461,1,2,1,11,,,2,2,Segmento operacional agrupado com 2 viagens reais.
435,21,21,4,driver_vehicle_change,Troca de veículo,driver,,,06:37,06:37,0,,,0,1,1,,11,6,,,Motorista troca de veículo entre blocos distintos da mesma jornada.
435,21,21,5,normal_break,Intervalo normal,driver,,,06:37,07:20,43,,,0,1,1,,11,6,,,
435,21,21,6,commercial_trip,Viagem,trip,1042,IDA,07:20,07:36,16,5486,5486,1,1,2,6,,,3,1,Segmento operacional agrupado com 2 viagens reais.
435,21,21,6,commercial_trip,Viagem,trip,1042,VOLTA,07:36,07:49,13,5491,5491,1,2,1,6,,,4,2,Segmento operacional agrupado com 2 viagens reais.
435,21,21,7,duty_end,Fim de jornada,driver,,,07:49,07:49,0,,,0,1,1,,,,,,
435,22,22,1,duty_start,Início de jornada,driver,,,06:40,06:40,0,,,0,1,1,,,,,,
435,22,22,2,pullout,Soltura,driver,,,18:15,18:25,10,,,0,1,1,,,,,,
435,22,22,3,commercial_trip,Viagem,trip,1067,IDA,18:25,19:19,54,5675,5675,1,1,2,3,,,1,1,Segmento operacional agrupado com 2 viagens reais.
435,22,22,3,commercial_trip,Viagem,trip,1067,VOLTA,19:19,19:45,26,5684,5684,1,2,1,3,,,2,2,Segmento operacional agrupado com 2 viagens reais.
435,22,22,4,driver_vehicle_change,Troca de veículo,driver,,,19:45,19:45,0,,,0,1,1,,3,4,,,Motorista troca de veículo entre blocos distintos da mesma jornada.
435,22,22,5,normal_break,Intervalo normal,driver,,,19:45,20:00,15,,,0,1,1,,3,4,,,
435,22,22,6,commercial_trip,Viagem,trip,1042,IDA,20:00,20:16,16,5694,5694,1,1,2,4,,,3,1,Segmento operacional agrupado com 2 viagens reais.
435,22,22,6,commercial_trip,Viagem,trip,1042,VOLTA,20:16,20:25,9,5698,5698,1,2,1,4,,,4,2,Segmento operacional agrupado com 2 viagens reais.
435,22,22,7,duty_end,Fim de jornada,driver,,,20:25,20:25,0,,,0,1,1,,,,,,
