schedule_id,duty_id,driver_id,sequence_in_duty,segment_sequence,sequence_in_bundle,bundle_trip_count,bundle_event_type,source_trip_id,public_trip_id,line_id,line_code,direction,start_time,end_time,duration_minutes,origin_id,destination_id,block_id,vehicle_id,sequence_in_block,trip_group_id,pair_id
435,1,1,1,2,1,2,commercial_trip_bundle,5437,2201,,1042,IDA,05:15,05:29,14,1,2,1,1,3,,P100
435,1,1,2,2,2,2,commercial_trip_bundle,5441,2202,,1042,VOLTA,05:29,05:41,12,2,1,1,1,4,,P100
435,1,1,3,4,1,2,commercial_trip_bundle,5451,2207,,1042,IDA,06:00,06:15,15,1,2,1,1,5,,P103
435,1,1,4,4,2,2,commercial_trip_bundle,5457,2208,,1042,VOLTA,06:15,06:27,12,2,1,1,1,6,,P103
435,1,1,5,6,1,2,commercial_trip_bundle,5470,2217,,1042,IDA,06:42,06:57,15,1,2,1,1,7,,P108
435,1,1,6,6,2,2,commercial_trip_bundle,5475,2218,,1042,VOLTA,06:57,07:09,12,2,1,1,1,8,,P108
435,2,2,1,3,1,2,commercial_trip_bundle,5431,2105,,1067,IDA,04:30,05:06,36,1,2,2,2,1,,P052
435,2,2,2,3,2,2,commercial_trip_bundle,5439,2106,,1067,VOLTA,05:06,05:31,25,2,1,2,2,2,,P052
435,2,2,3,5,1,2,commercial_trip_bundle,5448,2019,,1048,IDA,05:49,06:01,12,1,2,2,2,3,,P009
435,2,2,4,5,2,2,commercial_trip_bundle,5449,2020,,1048,VOLTA,06:01,06:08,7,2,1,2,2,4,,P009
435,2,2,5,7,1,2,commercial_trip_bundle,5463,2213,,1042,IDA,06:26,06:41,15,1,2,2,2,5,,P106
435,2,2,6,7,2,2,commercial_trip_bundle,5468,2214,,1042,VOLTA,06:41,06:53,12,2,1,2,2,6,,P106
435,2,2,7,9,1,2,commercial_trip_bundle,5482,2223,,1042,IDA,07:10,07:26,16,1,2,2,2,7,,P111
435,2,2,8,9,2,2,commercial_trip_bundle,5487,2224,,1042,VOLTA,07:26,07:39,13,2,1,2,2,8,,P111
435,2,2,9,12,1,2,commercial_trip_bundle,5498,2229,,1042,IDA,07:55,08:11,16,1,2,8,8,9,,P114
435,2,2,10,12,2,2,commercial_trip_bundle,5502,2230,,1042,VOLTA,08:11,08:24,13,2,1,8,8,10,,P114
435,2,2,11,15,1,2,commercial_trip_bundle,5512,2037,,1048,IDA,08:47,09:00,13,1,2,2,2,11,,P018
435,2,2,12,15,2,2,commercial_trip_bundle,5514,2038,,1048,VOLTA,09:00,09:08,8,2,1,2,2,12,,P018
435,2,2,13,18,1,2,commercial_trip_bundle,5553,2141,,1067,IDA,10:55,11:34,39,1,2,8,8,13,,P070
435,2,2,14,18,2,2,commercial_trip_bundle,5561,2142,,1067,VOLTA,11:34,12:00,26,2,1,8,8,14,,P070
435,2,2,15,21,1,2,commercial_trip_bundle,5609,2069,,1048,IDA,15:11,15:23,12,1,2,4,4,13,,P034
435,2,2,16,21,2,2,commercial_trip_bundle,5612,2070,,1048,VOLTA,15:23,15:31,8,2,1,4,4,14,,P034
435,2,2,17,23,1,2,commercial_trip_bundle,5620,2271,,1042,IDA,15:50,16:07,17,1,2,4,4,15,,P135
435,2,2,18,23,2,2,commercial_trip_bundle,5624,2272,,1042,VOLTA,16:07,16:18,11,2,1,4,4,16,,P135
435,2,2,19,25,1,2,commercial_trip_bundle,5633,2275,,1042,IDA,16:40,16:58,18,1,2,4,4,17,,P137
435,2,2,20,25,2,2,commercial_trip_bundle,5637,2276,,1042,VOLTA,16:58,17:09,11,2,1,4,4,18,,P137
435,2,2,21,28,1,2,commercial_trip_bundle,5648,2085,,1048,IDA,17:39,17:55,16,1,2,11,11,19,,P042
435,2,2,22,28,2,2,commercial_trip_bundle,5651,2086,,1048,VOLTA,17:55,18:03,8,2,1,11,11,20,,P042
435,3,3,1,3,1,2,commercial_trip_bundle,5427,2013,,1048,IDA,04:35,04:43,8,1,2,3,3,1,,P006
435,3,3,2,3,2,2,commercial_trip_bundle,5428,2014,,1048,VOLTA,04:43,04:48,5,2,1,3,3,2,,P006
435,3,3,3,5,1,2,commercial_trip_bundle,5434,2015,,1048,IDA,05:04,05:16,12,1,2,3,3,3,,P007
435,3,3,4,5,2,2,commercial_trip_bundle,5435,2016,,1048,VOLTA,05:16,05:22,6,2,1,3,3,4,,P007
435,3,3,5,7,1,2,commercial_trip_bundle,5453,2111,,1067,IDA,05:40,06:16,36,1,2,3,3,5,,P055
435,3,3,6,7,2,2,commercial_trip_bundle,5464,2112,,1067,VOLTA,06:16,06:42,26,2,1,3,3,6,,P055
435,3,3,7,10,1,2,commercial_trip_bundle,5476,2027,,1048,IDA,06:59,07:10,11,1,2,11,11,3,,P013
435,3,3,8,10,2,2,commercial_trip_bundle,5480,2028,,1048,VOLTA,07:10,07:19,9,2,1,11,11,4,,P013
435,3,3,9,13,1,2,commercial_trip_bundle,5503,2125,,1067,IDA,07:40,08:32,52,1,2,9,9,3,,P062
435,3,3,10,13,2,2,commercial_trip_bundle,5511,2126,,1067,VOLTA,08:32,08:59,27,2,1,9,9,4,,P062
435,3,3,11,16,1,2,commercial_trip_bundle,5520,2237,,1042,IDA,09:15,09:31,16,1,2,1,1,9,,P118
435,3,3,12,16,2,2,commercial_trip_bundle,5524,2238,,1042,VOLTA,09:31,09:43,12,2,1,1,1,10,,P118
435,3,3,13,19,1,2,commercial_trip_bundle,5541,2137,,1067,IDA,10:05,10:48,43,1,2,13,13,3,,P068
435,3,3,14,19,2,2,commercial_trip_bundle,5549,2138,,1067,VOLTA,10:48,11:14,26,2,1,13,13,4,,P068
435,3,3,15,21,1,2,commercial_trip_bundle,5565,2145,,1067,IDA,11:45,12:24,39,1,2,13,13,5,,P072
435,3,3,16,21,2,2,commercial_trip_bundle,5572,2146,,1067,VOLTA,12:24,12:50,26,2,1,13,13,6,,P072
435,3,3,17,23,1,2,commercial_trip_bundle,5580,2059,,1048,IDA,13:11,13:25,14,1,2,13,13,7,,P029
435,3,3,18,23,2,2,commercial_trip_bundle,5582,2060,,1048,VOLTA,13:25,13:32,7,2,1,13,13,8,,P029
435,3,3,19,26,1,2,commercial_trip_bundle,5598,2065,,1048,IDA,14:23,14:36,13,1,2,6,6,19,,P032
435,3,3,20,26,2,2,commercial_trip_bundle,5600,2066,,1048,VOLTA,14:36,14:44,8,2,1,6,6,20,,P032
435,3,3,21,29,1,2,commercial_trip_bundle,5615,2161,,1067,IDA,15:05,15:48,43,1,2,12,12,15,,P080
435,3,3,22,29,2,2,commercial_trip_bundle,5623,2162,,1067,VOLTA,15:48,16:17,29,2,1,12,12,16,,P080
435,3,3,23,32,1,2,commercial_trip_bundle,5634,2079,,1048,IDA,16:45,16:59,14,1,2,5,5,13,,P039
435,3,3,24,32,2,2,commercial_trip_bundle,5636,2080,,1048,VOLTA,16:59,17:07,8,2,1,5,5,14,,P039
435,3,3,25,35,1,2,commercial_trip_bundle,5650,2281,,1042,IDA,17:40,18:00,20,1,2,8,8,19,,P140
435,3,3,26,35,2,2,commercial_trip_bundle,5653,2282,,1042,VOLTA,18:00,18:11,11,2,1,8,8,20,,P140
435,4,4,1,3,1,2,commercial_trip_bundle,5430,2197,,1042,IDA,04:45,04:58,13,1,2,4,4,1,,P098
435,4,4,2,3,2,2,commercial_trip_bundle,5432,2198,,1042,VOLTA,04:58,05:07,9,2,1,4,4,2,,P098
435,4,4,3,6,1,2,commercial_trip_bundle,5440,2017,,1048,IDA,05:29,05:41,12,1,2,8,8,1,,P008
435,4,4,4,6,2,2,commercial_trip_bundle,5443,2018,,1048,VOLTA,05:41,05:47,6,2,1,8,8,2,,P008
435,4,4,5,8,1,2,commercial_trip_bundle,5452,2021,,1048,IDA,06:04,06:15,11,1,2,8,8,3,,P010
435,4,4,6,8,2,2,commercial_trip_bundle,5455,2022,,1048,VOLTA,06:15,06:22,7,2,1,8,8,4,,P010
435,4,4,7,11,1,2,commercial_trip_bundle,5484,2119,,1067,IDA,06:45,07:31,46,1,2,7,7,3,,P059
435,4,4,8,11,2,2,commercial_trip_bundle,5494,2120,,1067,VOLTA,07:31,08:00,29,2,1,7,7,4,,P059
435,4,4,9,14,1,2,commercial_trip_bundle,5522,2131,,1067,IDA,08:50,09:34,44,1,2,8,8,11,,P065
435,4,4,10,14,2,2,commercial_trip_bundle,5529,2132,,1067,VOLTA,09:34,10:00,26,2,1,8,8,12,,P065
435,4,4,11,17,1,2,commercial_trip_bundle,5537,2243,,1042,IDA,10:15,10:32,17,1,2,10,10,9,,P121
435,4,4,12,17,2,2,commercial_trip_bundle,5539,2244,,1042,VOLTA,10:32,10:44,12,2,1,10,10,10,,P121
435,4,4,13,19,1,2,commercial_trip_bundle,5554,2249,,1042,IDA,11:15,11:34,19,1,2,10,10,11,,P124
435,4,4,14,19,2,2,commercial_trip_bundle,5556,2250,,1042,VOLTA,11:34,11:46,12,2,1,10,10,12,,P124
435,4,4,15,22,1,2,commercial_trip_bundle,5571,2147,,1067,IDA,12:10,12:50,40,1,2,9,9,9,,P073
435,4,4,16,22,2,2,commercial_trip_bundle,5579,2148,,1067,VOLTA,12:50,13:16,26,2,1,9,9,10,,P073
435,4,4,17,25,1,2,commercial_trip_bundle,5596,2155,,1067,IDA,13:50,14:32,42,1,2,13,13,9,,P077
435,4,4,18,25,2,2,commercial_trip_bundle,5603,2156,,1067,VOLTA,14:32,14:59,27,2,1,13,13,10,,P077
435,4,4,19,28,1,2,commercial_trip_bundle,5613,2269,,1042,IDA,15:25,15:42,17,1,2,10,10,19,,P134
435,4,4,20,28,2,2,commercial_trip_bundle,5618,2270,,1042,VOLTA,15:42,15:52,10,2,1,10,10,20,,P134
435,4,4,21,31,1,2,commercial_trip_bundle,5627,2273,,1042,IDA,16:15,16:33,18,1,2,2,2,19,,P136
435,4,4,22,31,2,2,commercial_trip_bundle,5631,2274,,1042,VOLTA,16:33,16:44,11,2,1,2,2,20,,P136
435,4,4,23,34,1,2,commercial_trip_bundle,5642,2083,,1048,IDA,17:21,17:37,16,1,2,13,13,13,,P041
435,4,4,24,34,2,2,commercial_trip_bundle,5646,2084,,1048,VOLTA,17:37,17:45,8,2,1,13,13,14,,P041
435,5,5,1,3,1,2,commercial_trip_bundle,5438,2107,,1067,IDA,04:55,05:31,36,1,2,5,5,1,,P053
435,5,5,2,3,2,2,commercial_trip_bundle,5445,2108,,1067,VOLTA,05:31,05:56,25,2,1,5,5,2,,P053
435,5,5,3,6,1,2,commercial_trip_bundle,5469,2115,,1067,IDA,06:15,06:55,40,1,2,4,4,5,,P057
435,5,5,4,6,2,2,commercial_trip_bundle,5481,2116,,1067,VOLTA,06:55,07:24,29,2,1,4,4,6,,P057
435,5,5,5,8,1,2,commercial_trip_bundle,5493,2031,,1048,IDA,07:39,07:51,12,1,2,4,4,7,,P015
435,5,5,6,8,2,2,commercial_trip_bundle,5495,2032,,1048,VOLTA,07:51,08:00,9,2,1,4,4,8,,P015
435,5,5,7,11,1,2,commercial_trip_bundle,5504,2231,,1042,IDA,08:15,08:32,17,1,2,7,7,5,,P115
435,5,5,8,11,2,2,commercial_trip_bundle,5509,2232,,1042,VOLTA,08:32,08:45,13,2,1,7,7,6,,P115
435,5,5,9,13,1,2,commercial_trip_bundle,5518,2039,,1048,IDA,09:11,09:23,12,1,2,7,7,7,,P019
435,5,5,10,13,2,2,commercial_trip_bundle,5521,2040,,1048,VOLTA,09:23,09:31,8,2,1,7,7,8,,P019
435,5,5,11,16,1,2,commercial_trip_bundle,5532,2043,,1048,IDA,09:59,10:11,12,1,2,5,5,9,,P021
435,5,5,12,16,2,2,commercial_trip_bundle,5533,2044,,1048,VOLTA,10:11,10:19,8,2,1,5,5,10,,P021
435,5,5,13,19,1,2,commercial_trip_bundle,5543,2245,,1042,IDA,10:35,10:52,17,1,2,6,6,11,,P122
435,5,5,14,19,2,2,commercial_trip_bundle,5545,2246,,1042,VOLTA,10:52,11:04,12,2,1,6,6,12,,P122
435,5,5,15,22,1,2,commercial_trip_bundle,5644,2169,,1067,IDA,16:45,17:38,53,1,2,12,12,17,,P084
435,5,5,16,22,2,2,commercial_trip_bundle,5652,2170,,1067,VOLTA,17:38,18:09,31,2,1,12,12,18,,P084
435,6,6,1,3,1,2,commercial_trip_bundle,5433,2199,,1042,IDA,05:00,05:14,14,1,2,6,6,1,,P099
435,6,6,2,3,2,2,commercial_trip_bundle,5436,2200,,1042,VOLTA,05:14,05:26,12,2,1,6,6,2,,P099
435,6,6,3,5,1,2,commercial_trip_bundle,5447,2205,,1042,IDA,05:45,05:59,14,1,2,6,6,3,,P102
435,6,6,4,5,2,2,commercial_trip_bundle,5450,2206,,1042,VOLTA,05:59,06:11,12,2,1,6,6,4,,P102
435,6,6,5,8,1,2,commercial_trip_bundle,5477,2117,,1067,IDA,06:30,07:16,46,1,2,12,12,1,,P058
435,6,6,6,8,2,2,commercial_trip_bundle,5490,2118,,1067,VOLTA,07:16,07:49,33,2,1,12,12,2,,P058
435,6,6,7,10,1,2,commercial_trip_bundle,5515,2129,,1067,IDA,08:25,09:09,44,1,2,12,12,3,,P064
435,6,6,8,10,2,2,commercial_trip_bundle,5523,2130,,1067,VOLTA,09:09,09:36,27,2,1,12,12,4,,P064
435,6,6,9,13,1,2,commercial_trip_bundle,5531,2241,,1042,IDA,09:55,10:11,16,1,2,11,11,7,,P120
435,6,6,10,13,2,2,commercial_trip_bundle,5535,2242,,1042,VOLTA,10:11,10:23,12,2,1,11,11,8,,P120
435,6,6,11,15,1,2,commercial_trip_bundle,5544,2047,,1048,IDA,10:47,11:01,14,1,2,11,11,9,,P023
435,6,6,12,15,2,2,commercial_trip_bundle,5547,2048,,1048,VOLTA,11:01,11:10,9,2,1,11,11,10,,P023
435,6,6,13,17,1,2,commercial_trip_bundle,5557,2051,,1048,IDA,11:35,11:48,13,1,2,11,11,11,,P025
435,6,6,14,17,2,2,commercial_trip_bundle,5558,2052,,1048,VOLTA,11:48,11:57,9,2,1,11,11,12,,P025
435,6,6,15,20,1,2,commercial_trip_bundle,5568,2055,,1048,IDA,12:23,12:37,14,1,2,8,8,15,,P027
435,6,6,16,20,2,2,commercial_trip_bundle,5570,2056,,1048,VOLTA,12:37,12:45,8,2,1,8,8,16,,P027
435,6,6,17,23,1,2,commercial_trip_bundle,5584,2151,,1067,IDA,13:00,13:42,42,1,2,2,2,15,,P075
435,6,6,18,23,2,2,commercial_trip_bundle,5591,2154,,1067,VOLTA,13:42,14:09,27,2,1,2,2,16,,P076
435,6,6,19,26,1,2,commercial_trip_bundle,5604,2067,,1048,IDA,14:47,15:00,13,1,2,8,8,17,,P033
435,6,6,20,26,2,2,commercial_trip_bundle,5606,2068,,1048,VOLTA,15:00,15:08,8,2,1,8,8,18,,P033
435,6,6,21,29,1,2,commercial_trip_bundle,5622,2163,,1067,IDA,15:30,16:13,43,1,2,13,13,11,,P081
435,6,6,22,29,2,2,commercial_trip_bundle,5630,2164,,1067,VOLTA,16:13,16:42,29,2,1,13,13,12,,P081
435,6,6,23,32,1,2,commercial_trip_bundle,5655,2171,,1067,IDA,17:10,18:14,64,1,2,2,2,21,,P085
435,6,6,24,32,2,2,commercial_trip_bundle,5664,2172,,1067,VOLTA,18:14,18:44,30,2,1,2,2,22,,P085
435,7,7,1,3,1,2,commercial_trip_bundle,5426,2195,,1042,IDA,04:30,04:43,13,1,2,1,1,1,,P097
435,7,7,2,3,2,2,commercial_trip_bundle,5429,2196,,1042,VOLTA,04:43,04:52,9,2,1,1,1,2,,P097
435,7,7,3,6,1,2,commercial_trip_bundle,5444,2109,,1067,IDA,05:20,05:56,36,1,2,7,7,1,,P054
435,7,7,4,6,2,2,commercial_trip_bundle,5454,2110,,1067,VOLTA,05:56,06:21,25,2,1,7,7,2,,P054
435,7,7,5,9,1,2,commercial_trip_bundle,5467,2025,,1048,IDA,06:39,06:50,11,1,2,8,8,5,,P012
435,7,7,6,9,2,2,commercial_trip_bundle,5471,2026,,1048,VOLTA,06:50,06:57,7,2,1,8,8,6,,P012
435,7,7,7,11,1,2,commercial_trip_bundle,5485,2029,,1048,IDA,07:19,07:31,12,1,2,8,8,7,,P014
435,7,7,8,11,2,2,commercial_trip_bundle,5488,2030,,1048,VOLTA,07:31,07:40,9,2,1,8,8,8,,P014
435,7,7,9,14,1,2,commercial_trip_bundle,5499,2033,,1048,IDA,07:59,08:11,12,1,2,2,2,9,,P016
435,7,7,10,14,2,2,commercial_trip_bundle,5501,2034,,1048,VOLTA,08:11,08:19,8,2,1,2,2,10,,P016
435,8,8,1,2,1,2,commercial_trip_bundle,5442,2203,,1042,IDA,05:30,05:44,14,1,2,4,4,3,,P101
435,8,8,2,2,2,2,commercial_trip_bundle,5446,2204,,1042,VOLTA,05:44,05:56,12,2,1,4,4,4,,P101
435,8,8,3,5,1,2,commercial_trip_bundle,5459,2211,,1042,IDA,06:18,06:33,15,1,2,5,5,3,,P105
435,8,8,4,5,2,2,commercial_trip_bundle,5465,2212,,1042,VOLTA,06:33,06:45,12,2,1,5,5,4,,P105
435,8,8,5,7,1,2,commercial_trip_bundle,5478,2221,,1042,IDA,07:00,07:16,16,1,2,5,5,5,,P110
435,8,8,6,7,2,2,commercial_trip_bundle,5483,2222,,1042,VOLTA,07:16,07:29,13,2,1,5,5,6,,P110
435,8,8,7,9,1,2,commercial_trip_bundle,5507,2127,,1067,IDA,08:00,08:44,44,1,2,5,5,7,,P063
435,8,8,8,9,2,2,commercial_trip_bundle,5516,2128,,1067,VOLTA,08:44,09:11,27,2,1,5,5,8,,P063
435,8,8,9,12,1,2,commercial_trip_bundle,5525,2041,,1048,IDA,09:35,09:47,12,1,2,10,10,7,,P020
435,8,8,10,12,2,2,commercial_trip_bundle,5527,2042,,1048,VOLTA,09:47,09:55,8,2,1,10,10,8,,P020
435,8,8,11,15,1,2,commercial_trip_bundle,5546,2139,,1067,IDA,10:30,11:09,39,1,2,9,9,7,,P069
435,8,8,12,15,2,2,commercial_trip_bundle,5555,2140,,1067,VOLTA,11:09,11:37,28,2,1,9,9,8,,P069
435,8,8,13,18,1,2,commercial_trip_bundle,5567,2253,,1042,IDA,12:05,12:25,20,1,2,10,10,13,,P126
435,8,8,14,18,2,2,commercial_trip_bundle,5569,2254,,1042,VOLTA,12:25,12:39,14,2,1,10,10,14,,P126
435,8,8,15,21,1,2,commercial_trip_bundle,5578,2257,,1042,IDA,12:55,13:15,20,1,2,11,11,13,,P128
435,8,8,16,21,2,2,commercial_trip_bundle,5581,2258,,1042,VOLTA,13:15,13:26,11,2,1,11,11,14,,P128
435,8,8,17,24,1,2,commercial_trip_bundle,5589,2261,,1042,IDA,13:45,14:03,18,1,2,10,10,15,,P130
435,8,8,18,24,2,2,commercial_trip_bundle,5593,2262,,1042,VOLTA,14:03,14:14,11,2,1,10,10,16,,P130
435,8,8,19,26,1,2,commercial_trip_bundle,5601,2265,,1042,IDA,14:35,14:51,16,1,2,10,10,17,,P132
435,8,8,20,26,2,2,commercial_trip_bundle,5605,2266,,1042,VOLTA,14:51,15:02,11,2,1,10,10,18,,P132
435,8,8,21,29,1,2,commercial_trip_bundle,5614,2071,,1048,IDA,15:31,15:43,12,1,2,9,9,11,,P035
435,8,8,22,29,2,2,commercial_trip_bundle,5617,2072,,1048,VOLTA,15:43,15:51,8,2,1,9,9,12,,P035
435,8,8,23,32,1,2,commercial_trip_bundle,5638,2167,,1067,IDA,16:20,17:13,53,1,2,3,3,17,,P083
435,8,8,24,32,2,2,commercial_trip_bundle,5647,2168,,1067,VOLTA,17:13,17:46,33,2,1,3,3,18,,P083
435,8,8,25,35,1,2,commercial_trip_bundle,5659,2285,,1042,IDA,18:10,18:29,19,1,2,13,13,15,,P142
435,8,8,26,35,2,2,commercial_trip_bundle,5663,2286,,1042,VOLTA,18:29,18:40,11,2,1,13,13,16,,P142
435,8,8,27,37,1,2,commercial_trip_bundle,5676,2291,,1042,IDA,19:00,19:19,19,1,2,13,13,17,,P145
435,8,8,28,37,2,2,commercial_trip_bundle,5679,2292,,1042,VOLTA,19:19,19:28,9,2,1,13,13,18,,P145
435,9,9,1,3,1,2,commercial_trip_bundle,5462,2113,,1067,IDA,06:00,06:40,40,1,2,9,9,1,,P056
435,9,9,2,3,2,2,commercial_trip_bundle,5474,2114,,1067,VOLTA,06:40,07:09,29,2,1,9,9,2,,P056
435,9,9,3,6,1,2,commercial_trip_bundle,5492,2227,,1042,IDA,07:35,07:51,16,1,2,11,11,5,,P113
435,9,9,4,6,2,2,commercial_trip_bundle,5496,2228,,1042,VOLTA,07:51,08:04,13,2,1,11,11,6,,P113
435,9,9,5,9,1,2,commercial_trip_bundle,5506,2035,,1048,IDA,08:23,08:36,13,1,2,6,6,9,,P017
435,9,9,6,9,2,2,commercial_trip_bundle,5508,2036,,1048,VOLTA,08:36,08:44,8,2,1,6,6,10,,P017
435,9,9,7,12,1,2,commercial_trip_bundle,5528,2133,,1067,IDA,09:15,09:58,43,1,2,3,3,9,,P066
435,9,9,8,12,2,2,commercial_trip_bundle,5536,2134,,1067,VOLTA,09:58,10:24,26,2,1,3,3,10,,P066
435,9,9,9,14,1,2,commercial_trip_bundle,5548,2247,,1042,IDA,10:55,11:12,17,1,2,3,3,11,,P123
435,9,9,10,14,2,2,commercial_trip_bundle,5551,2248,,1042,VOLTA,11:12,11:24,12,2,1,3,3,12,,P123
435,9,9,11,17,1,2,commercial_trip_bundle,5560,2251,,1042,IDA,11:40,11:59,19,1,2,2,2,13,,P125
435,9,9,12,17,2,2,commercial_trip_bundle,5562,2252,,1042,VOLTA,11:59,12:11,12,2,1,2,2,14,,P125
435,9,9,13,20,1,2,commercial_trip_bundle,5573,2255,,1042,IDA,12:30,12:50,20,1,2,3,3,13,,P127
435,9,9,14,20,2,2,commercial_trip_bundle,5575,2256,,1042,VOLTA,12:50,13:04,14,2,1,3,3,14,,P127
435,9,9,15,22,1,2,commercial_trip_bundle,5583,2259,,1042,IDA,13:20,13:38,18,1,2,3,3,15,,P129
435,9,9,16,22,2,2,commercial_trip_bundle,5587,2260,,1042,VOLTA,13:38,13:49,11,2,1,3,3,16,,P129
435,9,9,17,25,1,2,commercial_trip_bundle,5595,2263,,1042,IDA,14:10,14:26,16,1,2,5,5,11,,P131
435,9,9,18,25,2,2,commercial_trip_bundle,5599,2264,,1042,VOLTA,14:26,14:37,11,2,1,5,5,12,,P131
435,9,9,19,28,1,2,commercial_trip_bundle,5607,2267,,1042,IDA,15:00,15:17,17,1,2,6,6,21,,P133
435,9,9,20,28,2,2,commercial_trip_bundle,5611,2268,,1042,VOLTA,15:17,15:27,10,2,1,6,6,22,,P133
435,9,9,21,31,1,2,commercial_trip_bundle,5628,2165,,1067,IDA,15:55,16:38,43,1,2,11,11,17,,P082
435,9,9,22,31,2,2,commercial_trip_bundle,5635,2166,,1067,VOLTA,16:38,17:07,29,2,1,11,11,18,,P082
435,9,9,23,34,1,2,commercial_trip_bundle,5645,2279,,1042,IDA,17:25,17:45,20,1,2,4,4,19,,P139
435,9,9,24,34,2,2,commercial_trip_bundle,5649,2280,,1042,VOLTA,17:45,17:57,12,2,1,4,4,20,,P139
435,9,9,25,36,1,2,commercial_trip_bundle,5660,2089,,1048,IDA,18:15,18:30,15,1,2,4,4,21,,P044
435,9,9,26,36,2,2,commercial_trip_bundle,5662,2090,,1048,VOLTA,18:30,18:37,7,2,1,4,4,22,,P044
435,9,9,27,38,1,2,commercial_trip_bundle,5678,2095,,1048,IDA,19:09,19:22,13,1,2,4,4,23,,P047
435,9,9,28,38,2,2,commercial_trip_bundle,5680,2096,,1048,VOLTA,19:22,19:29,7,2,1,4,4,24,,P047
435,10,10,1,3,1,2,commercial_trip_bundle,5456,2209,,1042,IDA,06:10,06:25,15,1,2,10,10,1,,P104
435,10,10,2,3,2,2,commercial_trip_bundle,5460,2210,,1042,VOLTA,06:25,06:37,12,2,1,10,10,2,,P104
435,10,10,3,5,1,2,commercial_trip_bundle,5489,2121,,1067,IDA,07:00,07:47,47,1,2,10,10,3,,P060
435,10,10,4,5,2,2,commercial_trip_bundle,5500,2122,,1067,VOLTA,07:47,08:16,29,2,1,10,10,4,,P060
435,10,10,5,7,1,2,commercial_trip_bundle,5510,2233,,1042,IDA,08:35,08:52,17,1,2,10,10,5,,P116
435,10,10,6,7,2,2,commercial_trip_bundle,5513,2234,,1042,VOLTA,08:52,09:05,13,2,1,10,10,6,,P116
435,10,10,7,10,1,2,commercial_trip_bundle,5526,2239,,1042,IDA,09:35,09:51,16,1,2,9,9,5,,P119
435,10,10,8,10,2,2,commercial_trip_bundle,5530,2240,,1042,VOLTA,09:51,10:03,12,2,1,9,9,6,,P119
435,10,10,9,13,1,2,commercial_trip_bundle,5538,2045,,1048,IDA,10:23,10:37,14,1,2,12,12,5,,P022
435,10,10,10,13,2,2,commercial_trip_bundle,5540,2046,,1048,VOLTA,10:37,10:45,8,2,1,12,12,6,,P022
435,10,10,11,16,1,2,commercial_trip_bundle,5559,2143,,1067,IDA,11:20,11:59,39,1,2,6,6,13,,P071
435,10,10,12,16,2,2,commercial_trip_bundle,5566,2144,,1067,VOLTA,11:59,12:25,26,2,1,6,6,14,,P071
435,10,10,13,18,1,2,commercial_trip_bundle,5574,2057,,1048,IDA,12:47,13:01,14,1,2,6,6,15,,P028
435,10,10,14,18,2,2,commercial_trip_bundle,5576,2058,,1048,VOLTA,13:01,13:08,7,2,1,6,6,16,,P028
435,10,10,15,20,1,2,commercial_trip_bundle,5586,2061,,1048,IDA,13:35,13:49,14,1,2,6,6,17,,P030
435,10,10,16,20,2,2,commercial_trip_bundle,5588,2062,,1048,VOLTA,13:49,13:56,7,2,1,6,6,18,,P030
435,10,10,17,23,1,2,commercial_trip_bundle,5602,2157,,1067,IDA,14:15,14:57,42,1,2,11,11,15,,P078
435,10,10,18,23,2,2,commercial_trip_bundle,5610,2158,,1067,VOLTA,14:57,15:24,27,2,1,11,11,16,,P078
435,10,10,19,26,1,2,commercial_trip_bundle,5619,2073,,1048,IDA,15:51,16:03,12,1,2,6,6,23,,P036
435,10,10,20,26,2,2,commercial_trip_bundle,5621,2074,,1048,VOLTA,16:03,16:11,8,2,1,6,6,24,,P036
435,10,10,21,28,1,2,commercial_trip_bundle,5629,2077,,1048,IDA,16:27,16:41,14,1,2,6,6,25,,P038
435,10,10,22,28,2,2,commercial_trip_bundle,5632,2078,,1048,VOLTA,16:41,16:49,8,2,1,6,6,26,,P038
435,10,10,23,30,1,2,commercial_trip_bundle,5640,2277,,1042,IDA,17:05,17:25,20,1,2,6,6,27,,P138
435,10,10,24,30,2,2,commercial_trip_bundle,5643,2278,,1042,VOLTA,17:25,17:37,12,2,1,6,6,28,,P138
435,10,10,25,33,1,2,commercial_trip_bundle,5654,2087,,1048,IDA,17:57,18:13,16,1,2,9,9,17,,P043
435,10,10,26,33,2,2,commercial_trip_bundle,5657,2088,,1048,VOLTA,18:13,18:20,7,2,1,9,9,18,,P043
435,10,10,27,35,1,2,commercial_trip_bundle,5670,2289,,1042,IDA,18:40,18:59,19,1,2,9,9,19,,P144
435,10,10,28,35,2,2,commercial_trip_bundle,5673,2290,,1042,VOLTA,18:59,19:09,10,2,1,9,9,20,,P144
435,10,10,29,37,1,2,commercial_trip_bundle,5682,2097,,1048,IDA,19:27,19:40,13,1,2,9,9,21,,P048
435,10,10,30,37,2,2,commercial_trip_bundle,5685,2098,,1048,VOLTA,19:40,19:47,7,2,1,9,9,22,,P048
435,12,12,1,2,1,2,commercial_trip_bundle,5466,2215,,1042,IDA,06:34,06:49,15,1,2,6,6,5,,P107
435,12,12,2,2,2,2,commercial_trip_bundle,5472,2216,,1042,VOLTA,06:49,07:01,12,2,1,6,6,6,,P107
435,12,12,3,5,1,2,commercial_trip_bundle,5497,2123,,1067,IDA,07:20,08:07,47,1,2,3,3,7,,P061
435,12,12,4,5,2,2,commercial_trip_bundle,5505,2124,,1067,VOLTA,08:07,08:36,29,2,1,3,3,8,,P061
435,12,12,5,8,1,2,commercial_trip_bundle,5517,2235,,1042,IDA,08:55,09:12,17,1,2,4,4,9,,P117
435,12,12,6,8,2,2,commercial_trip_bundle,5519,2236,,1042,VOLTA,09:12,09:24,12,2,1,4,4,10,,P117
435,12,12,7,10,1,2,commercial_trip_bundle,5534,2135,,1067,IDA,09:40,10:23,43,1,2,4,4,11,,P067
435,12,12,8,10,2,2,commercial_trip_bundle,5542,2136,,1067,VOLTA,10:23,10:49,26,2,1,4,4,12,,P067
435,12,12,9,13,1,2,commercial_trip_bundle,5550,2049,,1048,IDA,11:11,11:24,13,1,2,12,12,7,,P024
435,12,12,10,13,2,2,commercial_trip_bundle,5552,2050,,1048,VOLTA,11:24,11:33,9,2,1,12,12,8,,P024
435,12,12,11,15,1,2,commercial_trip_bundle,5563,2053,,1048,IDA,11:59,12:12,13,1,2,12,12,9,,P026
435,12,12,12,15,2,2,commercial_trip_bundle,5564,2054,,1048,VOLTA,12:12,12:20,8,2,1,12,12,10,,P026
435,12,12,13,17,1,2,commercial_trip_bundle,5577,2149,,1067,IDA,12:35,13:15,40,1,2,12,12,11,,P074
435,12,12,14,17,2,2,commercial_trip_bundle,5585,2150,,1067,VOLTA,13:15,13:42,27,2,1,12,12,12,,P074
435,12,12,15,19,1,2,commercial_trip_bundle,5592,2063,,1048,IDA,13:59,14:13,14,1,2,12,12,13,,P031
435,12,12,16,19,2,2,commercial_trip_bundle,5594,2064,,1048,VOLTA,14:13,14:21,8,2,1,12,12,14,,P031
435,12,12,17,22,1,2,commercial_trip_bundle,5608,2159,,1067,IDA,14:40,15:22,42,1,2,2,2,17,,P079
435,12,12,18,22,2,2,commercial_trip_bundle,5616,2160,,1067,VOLTA,15:22,15:49,27,2,1,2,2,18,,P079
435,12,12,19,25,1,2,commercial_trip_bundle,5625,2075,,1048,IDA,16:09,16:23,14,1,2,9,9,13,,P037
435,12,12,20,25,2,2,commercial_trip_bundle,5626,2076,,1048,VOLTA,16:23,16:31,8,2,1,9,9,14,,P037
435,12,12,21,27,1,2,commercial_trip_bundle,5639,2081,,1048,IDA,17:03,17:19,16,1,2,9,9,15,,P040
435,12,12,22,27,2,2,commercial_trip_bundle,5641,2082,,1048,VOLTA,17:19,17:27,8,2,1,9,9,16,,P040
435,12,12,23,30,1,2,commercial_trip_bundle,5656,2283,,1042,IDA,17:55,18:15,20,1,2,6,6,29,,P141
435,12,12,24,30,2,2,commercial_trip_bundle,5658,2284,,1042,VOLTA,18:15,18:26,11,2,1,6,6,30,,P141
435,12,12,25,32,1,2,commercial_trip_bundle,5683,2179,,1067,IDA,18:50,19:43,53,1,2,6,6,31,,P089
435,12,12,26,32,2,2,commercial_trip_bundle,5691,2180,,1067,VOLTA,19:43,20:07,24,2,1,6,6,32,,P089
435,13,13,1,3,1,2,commercial_trip_bundle,5473,2219,,1042,IDA,06:50,07:05,15,1,2,13,13,1,,P109
435,13,13,2,3,2,2,commercial_trip_bundle,5479,2220,,1042,VOLTA,07:05,07:18,13,2,1,13,13,2,,P109
435,14,14,1,3,1,2,commercial_trip_bundle,5590,2152,,1067,IDA,13:25,14:07,42,2,1,14,14,1,,P075
435,14,14,2,3,2,2,commercial_trip_bundle,5597,2153,,1067,VOLTA,14:07,14:34,27,1,2,14,14,2,,P076
435,15,15,1,2,1,2,commercial_trip_bundle,5665,2287,,1042,IDA,18:25,18:44,19,1,2,11,11,21,,P143
435,15,15,2,2,2,2,commercial_trip_bundle,5668,2288,,1042,VOLTA,18:44,18:55,11,2,1,11,11,22,,P143
435,15,15,3,5,1,2,commercial_trip_bundle,5689,2181,,1067,IDA,19:15,20:00,45,1,2,12,12,21,,P090
435,15,15,4,5,2,2,commercial_trip_bundle,5696,2182,,1067,VOLTA,20:00,20:24,24,2,1,12,12,22,,P090
435,15,15,5,8,1,2,commercial_trip_bundle,5707,2187,,1067,IDA,20:40,21:21,41,1,2,10,10,23,,P093
435,15,15,6,8,2,2,commercial_trip_bundle,5709,2188,,1067,VOLTA,21:21,21:45,24,2,1,10,10,24,,P093
435,15,15,7,11,1,2,commercial_trip_bundle,5714,2007,,104201,IDA,22:20,22:47,27,1,2,11,11,23,,P003
435,15,15,8,11,2,2,commercial_trip_bundle,5716,2008,,104201,VOLTA,22:47,22:58,11,2,1,11,11,24,,P003
435,15,15,9,13,1,2,commercial_trip_bundle,5720,2193,,1067,IDA,23:25,23:54,29,1,2,11,11,25,,P096
435,15,15,10,13,2,2,commercial_trip_bundle,5423,2194,,1067,VOLTA,23:54,24:09,15,2,1,11,11,26,,P096
435,16,16,1,2,1,2,commercial_trip_bundle,5666,2091,,1048,IDA,18:33,18:48,15,1,2,12,12,19,,P045
435,16,16,2,2,2,2,commercial_trip_bundle,5669,2092,,1048,VOLTA,18:48,18:55,7,2,1,12,12,20,,P045
435,16,16,3,5,1,2,commercial_trip_bundle,5681,2293,,1042,IDA,19:20,19:39,19,1,2,5,5,17,,P146
435,16,16,4,5,2,2,commercial_trip_bundle,5686,2294,,1042,VOLTA,19:39,19:48,9,2,1,5,5,18,,P146
435,16,16,5,8,1,2,commercial_trip_bundle,5693,2101,,1048,IDA,20:03,20:14,11,1,2,3,3,21,,P050
435,16,16,6,8,2,2,commercial_trip_bundle,5695,2102,,1048,VOLTA,20:14,20:20,6,2,1,3,3,22,,P050
435,16,16,7,11,1,2,commercial_trip_bundle,5705,2003,,104201,IDA,20:50,21:17,27,1,2,6,6,33,,P001
435,16,16,8,11,2,2,commercial_trip_bundle,5708,2004,,104201,VOLTA,21:17,21:28,11,2,1,6,6,34,,P001
435,16,16,9,14,1,2,commercial_trip_bundle,5715,2191,,1067,IDA,22:25,22:58,33,1,2,8,8,25,,P095
435,16,16,10,14,2,2,commercial_trip_bundle,5717,2192,,1067,VOLTA,22:58,23:15,17,2,1,8,8,26,,P095
435,17,17,1,2,1,2,commercial_trip_bundle,5697,2183,,1067,IDA,19:40,20:25,45,1,2,2,2,23,,P091
435,17,17,2,2,2,2,commercial_trip_bundle,5703,2184,,1067,VOLTA,20:25,20:49,24,2,1,2,2,24,,P091
435,17,17,3,5,1,2,commercial_trip_bundle,5711,2189,,1067,IDA,21:30,22:03,33,1,2,3,3,23,,P094
435,17,17,4,5,2,2,commercial_trip_bundle,5713,2190,,1067,VOLTA,22:03,22:25,22,2,1,3,3,24,,P094
435,17,17,5,8,1,2,commercial_trip_bundle,5718,2009,,104201,IDA,23:05,23:32,27,1,2,4,4,27,,P004
435,17,17,6,8,2,2,commercial_trip_bundle,5719,2010,,104201,VOLTA,23:32,23:43,11,2,1,4,4,28,,P004
435,17,17,7,10,1,2,commercial_trip_bundle,5424,2011,,104201,IDA,24:05,24:32,27,1,2,4,4,29,,P005
435,17,17,8,10,2,2,commercial_trip_bundle,5425,2012,,104201,VOLTA,24:32,24:43,11,2,1,4,4,30,,P005
435,18,18,1,2,1,2,commercial_trip_bundle,5672,2093,,1048,IDA,18:51,19:06,15,1,2,8,8,21,,P046
435,18,18,2,2,2,2,commercial_trip_bundle,5674,2094,,1048,VOLTA,19:06,19:13,7,2,1,8,8,22,,P046
435,18,18,3,5,1,2,commercial_trip_bundle,5687,2099,,1048,IDA,19:45,19:58,13,1,2,13,13,19,,P049
435,18,18,4,5,2,2,commercial_trip_bundle,5690,2100,,1048,VOLTA,19:58,20:05,7,2,1,13,13,20,,P049
435,18,18,5,8,1,2,commercial_trip_bundle,5699,2299,,1042,IDA,20:20,20:36,16,1,2,9,9,23,,P149
435,18,18,6,8,2,2,commercial_trip_bundle,5701,2300,,1042,VOLTA,20:36,20:45,9,2,1,9,9,24,,P149
435,19,19,1,2,1,2,commercial_trip_bundle,5661,2173,,1067,IDA,17:35,18:34,59,1,2,5,5,15,,P086
435,19,19,2,2,2,2,commercial_trip_bundle,5671,2174,,1067,VOLTA,18:34,19:00,26,2,1,5,5,16,,P086
435,19,19,3,4,1,2,commercial_trip_bundle,5704,2185,,1067,IDA,20:10,20:55,45,1,2,5,5,19,,P092
435,19,19,4,4,2,2,commercial_trip_bundle,5706,2186,,1067,VOLTA,20:55,21:19,24,2,1,5,5,20,,P092
435,19,19,5,7,1,2,commercial_trip_bundle,5710,2005,,104201,IDA,21:35,22:02,27,1,2,12,12,23,,P002
435,19,19,6,7,2,2,commercial_trip_bundle,5712,2006,,104201,VOLTA,22:02,22:13,11,2,1,12,12,24,,P002
435,20,20,1,2,1,2,commercial_trip_bundle,5667,2175,,1067,IDA,18:00,18:54,54,1,2,10,10,21,,P087
435,20,20,2,2,2,2,commercial_trip_bundle,5677,2176,,1067,VOLTA,18:54,19:20,26,2,1,10,10,22,,P087
435,20,20,3,5,1,2,commercial_trip_bundle,5688,2295,,1042,IDA,19:40,19:59,19,1,2,8,8,23,,P147
435,20,20,4,5,2,2,commercial_trip_bundle,5692,2296,,1042,VOLTA,19:59,20:08,9,2,1,8,8,24,,P147
435,20,20,5,8,1,2,commercial_trip_bundle,5700,2103,,1048,IDA,20:30,20:41,11,1,2,13,13,21,,P051
435,20,20,6,8,2,2,commercial_trip_bundle,5702,2104,,1048,VOLTA,20:41,20:47,6,2,1,13,13,22,,P051
435,21,21,1,3,1,2,commercial_trip_bundle,5458,2023,,1048,IDA,06:19,06:30,11,1,2,11,11,1,,P011
435,21,21,2,3,2,2,commercial_trip_bundle,5461,2024,,1048,VOLTA,06:30,06:37,7,2,1,11,11,2,,P011
435,21,21,3,6,1,2,commercial_trip_bundle,5486,2225,,1042,IDA,07:20,07:36,16,1,2,6,6,7,,P112
435,21,21,4,6,2,2,commercial_trip_bundle,5491,2226,,1042,VOLTA,07:36,07:49,13,2,1,6,6,8,,P112
435,22,22,1,3,1,2,commercial_trip_bundle,5675,2177,,1067,IDA,18:25,19:19,54,1,2,3,3,19,,P088
435,22,22,2,3,2,2,commercial_trip_bundle,5684,2178,,1067,VOLTA,19:19,19:45,26,2,1,3,3,20,,P088
435,22,22,3,6,1,2,commercial_trip_bundle,5694,2297,,1042,IDA,20:00,20:16,16,1,2,4,4,25,,P148
435,22,22,4,6,2,2,commercial_trip_bundle,5698,2298,,1042,VOLTA,20:16,20:25,9,2,1,4,4,26,,P148
