schedule_id,block_id,duty_id,driver_id,vehicle_id,sequence,event_type,event_label,start_time,end_time,duration_minutes,origin_id,destination_id,trip_ids,is_work_time,is_driving_time,is_idle_time,is_normal_break,is_mandatory_rest,is_pullout,is_pullback,rest_valid,rule_code,violation_code,explanation
428,1,96,,1,1,commercial_trip,Viagem,05:15,05:29,14,1,2,5437,True,True,False,False,False,False,False,False,,,Classificação inferida pelo frontend por ausência de segmentos do solver
428,1,96,,1,2,commercial_trip,Viagem,05:29,05:41,12,2,1,5441,True,True,False,False,False,False,False,False,,,Classificação inferida pelo frontend por ausência de segmentos do solver
428,1,96,,1,3,idle,Ociosa,05:41,06:00,19,1,1,,False,False,True,False,False,False,False,False,,,Classificação inferida pelo frontend por ausência de segmentos do solver
428,1,96,,1,4,commercial_trip,Viagem,06:00,06:15,15,1,2,5451,True,True,False,False,False,False,False,False,,,Classificação inferida pelo frontend por ausência de segmentos do solver
428,1,96,,1,5,commercial_trip,Viagem,06:15,06:27,12,2,1,5457,True,True,False,False,False,False,False,False,,,Classificação inferida pelo frontend por ausência de segmentos do solver
428,1,96,,1,6,idle,Ociosa,06:27,06:42,15,1,1,,False,False,True,False,False,False,False,False,,,Classificação inferida pelo frontend por ausência de segmentos do solver
428,1,96,,1,7,commercial_trip,Viagem,06:42,06:57,15,1,2,5470,True,True,False,False,False,False,False,False,,,Classificação inferida pelo frontend por ausência de segmentos do solver
428,1,96,,1,8,commercial_trip,Viagem,06:57,07:09,12,2,1,5475,True,True,False,False,False,False,False,False,,,Classificação inferida pelo frontend por ausência de segmentos do solver
428,2,97,,2,1,commercial_trip,Viagem,04:30,05:06,36,1,2,5431,True,True,False,False,False,False,False,False,,,Classificação inferida pelo frontend por ausência de segmentos do solver
428,2,97,,2,2,commercial_trip,Viagem,05:06,05:31,25,2,1,5439,True,True,False,False,False,False,False,False,,,Classificação inferida pelo frontend por ausência de segmentos do solver
428,2,97,,2,3,idle,Ociosa,05:31,05:49,18,1,1,,False,False,True,False,False,False,False,False,,,Classificação inferida pelo frontend por ausência de segmentos do solver
428,2,97,,2,4,commercial_trip,Viagem,05:49,06:01,12,1,2,5448,True,True,False,False,False,False,False,False,,,Classificação inferida pelo frontend por ausência de segmentos do solver
428,2,97,,2,5,commercial_trip,Viagem,06:01,06:08,7,2,1,5449,True,True,False,False,False,False,False,False,,,Classificação inferida pelo frontend por ausência de segmentos do solver
428,2,97,,2,6,idle,Ociosa,06:08,06:26,18,1,1,,False,False,True,False,False,False,False,False,,,Classificação inferida pelo frontend por ausência de segmentos do solver
428,2,97,,2,7,commercial_trip,Viagem,06:26,06:41,15,1,2,5463,True,True,False,False,False,False,False,False,,,Classificação inferida pelo frontend por ausência de segmentos do solver
428,2,97,,2,8,commercial_trip,Viagem,06:41,06:53,12,2,1,5468,True,True,False,False,False,False,False,False,,,Classificação inferida pelo frontend por ausência de segmentos do solver
428,2,97,,2,9,idle,Ociosa,06:53,07:10,17,1,1,,False,False,True,False,False,False,False,False,,,Classificação inferida pelo frontend por ausência de segmentos do solver
428,2,97,,2,10,commercial_trip,Viagem,07:10,07:26,16,1,2,5482,True,True,False,False,False,False,False,False,,,Classificação inferida pelo frontend por ausência de segmentos do solver
428,2,97,,2,11,commercial_trip,Viagem,07:26,07:39,13,2,1,5487,True,True,False,False,False,False,False,False,,,Classificação inferida pelo frontend por ausência de segmentos do solver
428,2,97,,2,12,idle,Ociosa,07:39,07:55,16,1,1,,False,False,True,False,False,False,False,False,,,Classificação inferida pelo frontend por ausência de segmentos do solver
428,2,97,,2,13,commercial_trip,Viagem,07:55,08:11,16,1,2,5498,True,True,False,False,False,False,False,False,,,Classificação inferida pelo frontend por ausência de segmentos do solver
428,2,97,,2,14,commercial_trip,Viagem,08:11,08:24,13,2,1,5502,True,True,False,False,False,False,False,False,,,Classificação inferida pelo frontend por ausência de segmentos do solver
428,2,97,,2,15,idle,Ociosa,08:24,08:47,23,1,1,,False,False,True,False,False,False,False,False,,,Classificação inferida pelo frontend por ausência de segmentos do solver
428,8,97,,8,16,commercial_trip,Viagem,08:47,09:00,13,1,2,5512,True,True,False,False,False,False,False,False,,,Classificação inferida pelo frontend por ausência de segmentos do solver
428,8,97,,8,17,commercial_trip,Viagem,09:00,09:08,8,2,1,5514,True,True,False,False,False,False,False,False,,,Classificação inferida pelo frontend por ausência de segmentos do solver
428,8,97,,8,18,normal_break,Intervalo normal,09:08,10:55,107,1,1,,False,False,False,True,False,False,False,False,,,Classificação inferida pelo frontend por ausência de segmentos do solver
428,9,97,,9,19,commercial_trip,Viagem,10:55,11:12,17,1,2,5548,True,True,False,False,False,False,False,False,,,Classificação inferida pelo frontend por ausência de segmentos do solver
428,9,97,,9,20,commercial_trip,Viagem,11:12,11:24,12,2,1,5551,True,True,False,False,False,False,False,False,,,Classificação inferida pelo frontend por ausência de segmentos do solver
428,9,97,,9,21,idle,Ociosa,11:24,11:40,16,1,1,,False,False,True,False,False,False,False,False,,,Classificação inferida pelo frontend por ausência de segmentos do solver
428,9,97,,9,22,commercial_trip,Viagem,11:40,11:59,19,1,2,5560,True,True,False,False,False,False,False,False,,,Classificação inferida pelo frontend por ausência de segmentos do solver
428,9,97,,9,23,commercial_trip,Viagem,11:59,12:11,12,2,1,5562,True,True,False,False,False,False,False,False,,,Classificação inferida pelo frontend por ausência de segmentos do solver
428,9,97,,9,24,normal_break,Intervalo normal,12:11,15:11,180,1,1,,False,False,False,True,False,False,False,False,,,Classificação inferida pelo frontend por ausência de segmentos do solver
428,9,97,,9,25,commercial_trip,Viagem,15:11,15:23,12,1,2,5609,True,True,False,False,False,False,False,False,,,Classificação inferida pelo frontend por ausência de segmentos do solver
428,9,97,,9,26,commercial_trip,Viagem,15:23,15:31,8,2,1,5612,True,True,False,False,False,False,False,False,,,Classificação inferida pelo frontend por ausência de segmentos do solver
428,9,97,,9,27,idle,Ociosa,15:31,15:55,24,1,1,,False,False,True,False,False,False,False,False,,,Classificação inferida pelo frontend por ausência de segmentos do solver
428,11,97,,11,28,commercial_trip,Viagem,15:55,16:38,43,1,2,5628,True,True,False,False,False,False,False,False,,,Classificação inferida pelo frontend por ausência de segmentos do solver
428,11,97,,11,29,commercial_trip,Viagem,16:38,17:07,29,2,1,5635,True,True,False,False,False,False,False,False,,,Classificação inferida pelo frontend por ausência de segmentos do solver
428,11,97,,11,30,normal_break,Intervalo normal,17:07,17:39,32,1,1,,False,False,False,True,False,False,False,False,,,Classificação inferida pelo frontend por ausência de segmentos do solver
428,11,97,,11,31,commercial_trip,Viagem,17:39,17:55,16,1,2,5648,True,True,False,False,False,False,False,False,,,Classificação inferida pelo frontend por ausência de segmentos do solver
428,11,97,,11,32,commercial_trip,Viagem,17:55,18:03,8,2,1,5651,True,True,False,False,False,False,False,False,,,Classificação inferida pelo frontend por ausência de segmentos do solver
428,3,98,,3,1,commercial_trip,Viagem,04:35,04:43,8,1,2,5427,True,True,False,False,False,False,False,False,,,Classificação inferida pelo frontend por ausência de segmentos do solver
428,3,98,,3,2,commercial_trip,Viagem,04:43,04:48,5,2,1,5428,True,True,False,False,False,False,False,False,,,Classificação inferida pelo frontend por ausência de segmentos do solver
428,3,98,,3,3,idle,Ociosa,04:48,05:04,16,1,1,,False,False,True,False,False,False,False,False,,,Classificação inferida pelo frontend por ausência de segmentos do solver
428,3,98,,3,4,commercial_trip,Viagem,05:04,05:16,12,1,2,5434,True,True,False,False,False,False,False,False,,,Classificação inferida pelo frontend por ausência de segmentos do solver
428,3,98,,3,5,commercial_trip,Viagem,05:16,05:22,6,2,1,5435,True,True,False,False,False,False,False,False,,,Classificação inferida pelo frontend por ausência de segmentos do solver
428,3,98,,3,6,idle,Ociosa,05:22,05:40,18,1,1,,False,False,True,False,False,False,False,False,,,Classificação inferida pelo frontend por ausência de segmentos do solver
428,3,98,,3,7,commercial_trip,Viagem,05:40,06:16,36,1,2,5453,True,True,False,False,False,False,False,False,,,Classificação inferida pelo frontend por ausência de segmentos do solver
428,3,98,,3,8,commercial_trip,Viagem,06:16,06:42,26,2,1,5464,True,True,False,False,False,False,False,False,,,Classificação inferida pelo frontend por ausência de segmentos do solver
428,3,98,,3,9,idle,Ociosa,06:42,06:59,17,1,1,,False,False,True,False,False,False,False,False,,,Classificação inferida pelo frontend por ausência de segmentos do solver
428,5,98,,5,10,commercial_trip,Viagem,06:59,07:10,11,1,2,5476,True,True,False,False,False,False,False,False,,,Classificação inferida pelo frontend por ausência de segmentos do solver
428,5,98,,5,11,commercial_trip,Viagem,07:10,07:19,9,2,1,5480,True,True,False,False,False,False,False,False,,,Classificação inferida pelo frontend por ausência de segmentos do solver
428,5,98,,5,12,idle,Ociosa,07:19,07:40,21,1,1,,False,False,True,False,False,False,False,False,,,Classificação inferida pelo frontend por ausência de segmentos do solver
428,9,98,,9,13,commercial_trip,Viagem,07:40,08:32,52,1,2,5503,True,True,False,False,False,False,False,False,,,Classificação inferida pelo frontend por ausência de segmentos do solver
428,9,98,,9,14,commercial_trip,Viagem,08:32,08:59,27,2,1,5511,True,True,False,False,False,False,False,False,,,Classificação inferida pelo frontend por ausência de segmentos do solver
428,9,98,,9,15,idle,Ociosa,08:59,09:15,16,1,1,,False,False,True,False,False,False,False,False,,,Classificação inferida pelo frontend por ausência de segmentos do solver
428,6,98,,6,16,commercial_trip,Viagem,09:15,09:31,16,1,2,5520,True,True,False,False,False,False,False,False,,,Classificação inferida pelo frontend por ausência de segmentos do solver
428,6,98,,6,17,commercial_trip,Viagem,09:31,09:43,12,2,1,5524,True,True,False,False,False,False,False,False,,,Classificação inferida pelo frontend por ausência de segmentos do solver
428,6,98,,6,18,idle,Ociosa,09:43,10:05,22,1,1,,False,False,True,False,False,False,False,False,,,Classificação inferida pelo frontend por ausência de segmentos do solver
428,4,98,,4,19,commercial_trip,Viagem,10:05,10:48,43,1,2,5541,True,True,False,False,False,False,False,False,,,Classificação inferida pelo frontend por ausência de segmentos do solver
428,4,98,,4,20,commercial_trip,Viagem,10:48,11:14,26,2,1,5549,True,True,False,False,False,False,False,False,,,Classificação inferida pelo frontend por ausência de segmentos do solver
428,4,98,,4,21,normal_break,Intervalo normal,11:14,11:45,31,1,1,,False,False,False,True,False,False,False,False,,,Classificação inferida pelo frontend por ausência de segmentos do solver
428,1,98,,1,22,commercial_trip,Viagem,11:45,12:24,39,1,2,5565,True,True,False,False,False,False,False,False,,,Classificação inferida pelo frontend por ausência de segmentos do solver
428,1,98,,1,23,commercial_trip,Viagem,12:24,12:50,26,2,1,5572,True,True,False,False,False,False,False,False,,,Classificação inferida pelo frontend por ausência de segmentos do solver
428,1,98,,1,24,idle,Ociosa,12:50,13:11,21,1,1,,False,False,True,False,False,False,False,False,,,Classificação inferida pelo frontend por ausência de segmentos do solver
428,1,98,,1,25,commercial_trip,Viagem,13:11,13:25,14,1,2,5580,True,True,False,False,False,False,False,False,,,Classificação inferida pelo frontend por ausência de segmentos do solver
428,1,98,,1,26,commercial_trip,Viagem,13:25,13:32,7,2,1,5582,True,True,False,False,False,False,False,False,,,Classificação inferida pelo frontend por ausência de segmentos do solver
428,1,98,,1,27,normal_break,Intervalo normal,13:32,14:10,38,1,1,,False,False,False,True,False,False,False,False,,,Classificação inferida pelo frontend por ausência de segmentos do solver
428,9,98,,9,28,commercial_trip,Viagem,14:10,14:26,16,1,2,5595,True,True,False,False,False,False,False,False,,,Classificação inferida pelo frontend por ausência de segmentos do solver
428,9,98,,9,29,commercial_trip,Viagem,14:26,14:37,11,2,1,5599,True,True,False,False,False,False,False,False,,,Classificação inferida pelo frontend por ausência de segmentos do solver
428,9,98,,9,30,idle,Ociosa,14:37,15:05,28,1,1,,False,False,True,False,False,False,False,False,,,Classificação inferida pelo frontend por ausência de segmentos do solver
428,15,98,,15,31,commercial_trip,Viagem,15:05,15:48,43,1,2,5615,True,True,False,False,False,False,False,False,,,Classificação inferida pelo frontend por ausência de segmentos do solver
428,15,98,,15,32,commercial_trip,Viagem,15:48,16:17,29,2,1,5623,True,True,False,False,False,False,False,False,,,Classificação inferida pelo frontend por ausência de segmentos do solver
428,15,98,,15,33,idle,Ociosa,16:17,16:45,28,1,1,,False,False,True,False,False,False,False,False,,,Classificação inferida pelo frontend por ausência de segmentos do solver
428,4,98,,4,34,commercial_trip,Viagem,16:45,16:59,14,1,2,5634,True,True,False,False,False,False,False,False,,,Classificação inferida pelo frontend por ausência de segmentos do solver
428,4,98,,4,35,commercial_trip,Viagem,16:59,17:07,8,2,1,5636,True,True,False,False,False,False,False,False,,,Classificação inferida pelo frontend por ausência de segmentos do solver
428,4,98,,4,36,normal_break,Intervalo normal,17:07,17:40,33,1,1,,False,False,False,True,False,False,False,False,,,Classificação inferida pelo frontend por ausência de segmentos do solver
428,10,98,,10,37,commercial_trip,Viagem,17:40,18:00,20,1,2,5650,True,True,False,False,False,False,False,False,,,Classificação inferida pelo frontend por ausência de segmentos do solver
428,10,98,,10,38,commercial_trip,Viagem,18:00,18:11,11,2,1,5653,True,True,False,False,False,False,False,False,,,Classificação inferida pelo frontend por ausência de segmentos do solver
428,4,99,,4,1,commercial_trip,Viagem,04:45,04:58,13,1,2,5430,True,True,False,False,False,False,False,False,,,Classificação inferida pelo frontend por ausência de segmentos do solver
428,4,99,,4,2,commercial_trip,Viagem,04:58,05:07,9,2,1,5432,True,True,False,False,False,False,False,False,,,Classificação inferida pelo frontend por ausência de segmentos do solver
428,4,99,,4,3,idle,Ociosa,05:07,05:29,22,1,1,,False,False,True,False,False,False,False,False,,,Classificação inferida pelo frontend por ausência de segmentos do solver
428,8,99,,8,4,commercial_trip,Viagem,05:29,05:41,12,1,2,5440,True,True,False,False,False,False,False,False,,,Classificação inferida pelo frontend por ausência de segmentos do solver
428,8,99,,8,5,commercial_trip,Viagem,05:41,05:47,6,2,1,5443,True,True,False,False,False,False,False,False,,,Classificação inferida pelo frontend por ausência de segmentos do solver
428,8,99,,8,6,idle,Ociosa,05:47,06:04,17,1,1,,False,False,True,False,False,False,False,False,,,Classificação inferida pelo frontend por ausência de segmentos do solver
428,8,99,,8,7,commercial_trip,Viagem,06:04,06:15,11,1,2,5452,True,True,False,False,False,False,False,False,,,Classificação inferida pelo frontend por ausência de segmentos do solver
428,8,99,,8,8,commercial_trip,Viagem,06:15,06:22,7,2,1,5455,True,True,False,False,False,False,False,False,,,Classificação inferida pelo frontend por ausência de segmentos do solver
428,8,99,,8,9,idle,Ociosa,06:22,06:45,23,1,1,,False,False,True,False,False,False,False,False,,,Classificação inferida pelo frontend por ausência de segmentos do solver
428,7,99,,7,10,commercial_trip,Viagem,06:45,07:31,46,1,2,5484,True,True,False,False,False,False,False,False,,,Classificação inferida pelo frontend por ausência de segmentos do solver
428,7,99,,7,11,commercial_trip,Viagem,07:31,08:00,29,2,1,5494,True,True,False,False,False,False,False,False,,,Classificação inferida pelo frontend por ausência de segmentos do solver
428,7,99,,7,12,normal_break,Intervalo normal,08:00,08:50,50,1,1,,False,False,False,True,False,False,False,False,,,Classificação inferida pelo frontend por ausência de segmentos do solver
428,2,99,,2,13,commercial_trip,Viagem,08:50,09:34,44,1,2,5522,True,True,False,False,False,False,False,False,,,Classificação inferida pelo frontend por ausência de segmentos do solver
428,2,99,,2,14,commercial_trip,Viagem,09:34,10:00,26,2,1,5529,True,True,False,False,False,False,False,False,,,Classificação inferida pelo frontend por ausência de segmentos do solver
428,2,99,,2,15,idle,Ociosa,10:00,10:15,15,1,1,,False,False,True,False,False,False,False,False,,,Classificação inferida pelo frontend por ausência de segmentos do solver
428,10,99,,10,16,commercial_trip,Viagem,10:15,10:32,17,1,2,5537,True,True,False,False,False,False,False,False,,,Classificação inferida pelo frontend por ausência de segmentos do solver
428,10,99,,10,17,commercial_trip,Viagem,10:32,10:44,12,2,1,5539,True,True,False,False,False,False,False,False,,,Classificação inferida pelo frontend por ausência de segmentos do solver
428,10,99,,10,18,normal_break,Intervalo normal,10:44,11:15,31,1,1,,False,False,False,True,False,False,False,False,,,Classificação inferida pelo frontend por ausência de segmentos do solver
428,10,99,,10,19,commercial_trip,Viagem,11:15,11:34,19,1,2,5554,True,True,False,False,False,False,False,False,,,Classificação inferida pelo frontend por ausência de segmentos do solver
428,10,99,,10,20,commercial_trip,Viagem,11:34,11:46,12,2,1,5556,True,True,False,False,False,False,False,False,,,Classificação inferida pelo frontend por ausência de segmentos do solver
428,10,99,,10,21,idle,Ociosa,11:46,12:10,24,1,1,,False,False,True,False,False,False,False,False,,,Classificação inferida pelo frontend por ausência de segmentos do solver
428,10,99,,10,22,commercial_trip,Viagem,12:10,12:50,40,1,2,5571,True,True,False,False,False,False,False,False,,,Classificação inferida pelo frontend por ausência de segmentos do solver
428,10,99,,10,23,commercial_trip,Viagem,12:50,13:16,26,2,1,5579,True,True,False,False,False,False,False,False,,,Classificação inferida pelo frontend por ausência de segmentos do solver
428,10,99,,10,24,normal_break,Intervalo normal,13:16,13:50,34,1,1,,False,False,False,True,False,False,False,False,,,Classificação inferida pelo frontend por ausência de segmentos do solver
428,1,99,,1,25,commercial_trip,Viagem,13:50,14:32,42,1,2,5596,True,True,False,False,False,False,False,False,,,Classificação inferida pelo frontend por ausência de segmentos do solver
428,1,99,,1,26,commercial_trip,Viagem,14:32,14:59,27,2,1,5603,True,True,False,False,False,False,False,False,,,Classificação inferida pelo frontend por ausência de segmentos do solver
428,1,99,,1,27,normal_break,Intervalo normal,14:59,15:30,31,1,1,,False,False,False,True,False,False,False,False,,,Classificação inferida pelo frontend por ausência de segmentos do solver
428,5,99,,5,28,commercial_trip,Viagem,15:30,16:13,43,1,2,5622,True,True,False,False,False,False,False,False,,,Classificação inferida pelo frontend por ausência de segmentos do solver
428,5,99,,5,29,commercial_trip,Viagem,16:13,16:42,29,2,1,5630,True,True,False,False,False,False,False,False,,,Classificação inferida pelo frontend por ausência de segmentos do solver
428,5,99,,5,30,normal_break,Intervalo normal,16:42,17:21,39,1,1,,False,False,False,True,False,False,False,False,,,Classificação inferida pelo frontend por ausência de segmentos do solver
428,12,99,,12,31,commercial_trip,Viagem,17:21,17:37,16,1,2,5642,True,True,False,False,False,False,False,False,,,Classificação inferida pelo frontend por ausência de segmentos do solver
428,12,99,,12,32,commercial_trip,Viagem,17:37,17:45,8,2,1,5646,True,True,False,False,False,False,False,False,,,Classificação inferida pelo frontend por ausência de segmentos do solver
428,5,100,,5,1,commercial_trip,Viagem,04:55,05:31,36,1,2,5438,True,True,False,False,False,False,False,False,,,Classificação inferida pelo frontend por ausência de segmentos do solver
428,5,100,,5,2,commercial_trip,Viagem,05:31,05:56,25,2,1,5445,True,True,False,False,False,False,False,False,,,Classificação inferida pelo frontend por ausência de segmentos do solver
428,5,100,,5,3,idle,Ociosa,05:56,06:15,19,1,1,,False,False,True,False,False,False,False,False,,,Classificação inferida pelo frontend por ausência de segmentos do solver
428,4,100,,4,4,commercial_trip,Viagem,06:15,06:55,40,1,2,5469,True,True,False,False,False,False,False,False,,,Classificação inferida pelo frontend por ausência de segmentos do solver
428,4,100,,4,5,commercial_trip,Viagem,06:55,07:24,29,2,1,5481,True,True,False,False,False,False,False,False,,,Classificação inferida pelo frontend por ausência de segmentos do solver
428,4,100,,4,6,idle,Ociosa,07:24,07:39,15,1,1,,False,False,True,False,False,False,False,False,,,Classificação inferida pelo frontend por ausência de segmentos do solver
428,13,100,,13,7,commercial_trip,Viagem,07:39,07:51,12,1,2,5493,True,True,False,False,False,False,False,False,,,Classificação inferida pelo frontend por ausência de segmentos do solver
428,13,100,,13,8,commercial_trip,Viagem,07:51,08:00,9,2,1,5495,True,True,False,False,False,False,False,False,,,Classificação inferida pelo frontend por ausência de segmentos do solver
428,13,100,,13,9,idle,Ociosa,08:00,08:15,15,1,1,,False,False,True,False,False,False,False,False,,,Classificação inferida pelo frontend por ausência de segmentos do solver
428,12,100,,12,10,commercial_trip,Viagem,08:15,08:32,17,1,2,5504,True,True,False,False,False,False,False,False,,,Classificação inferida pelo frontend por ausência de segmentos do solver
428,12,100,,12,11,commercial_trip,Viagem,08:32,08:45,13,2,1,5509,True,True,False,False,False,False,False,False,,,Classificação inferida pelo frontend por ausência de segmentos do solver
428,12,100,,12,12,idle,Ociosa,08:45,09:11,26,1,1,,False,False,True,False,False,False,False,False,,,Classificação inferida pelo frontend por ausência de segmentos do solver
428,12,100,,12,13,commercial_trip,Viagem,09:11,09:23,12,1,2,5518,True,True,False,False,False,False,False,False,,,Classificação inferida pelo frontend por ausência de segmentos do solver
428,12,100,,12,14,commercial_trip,Viagem,09:23,09:31,8,2,1,5521,True,True,False,False,False,False,False,False,,,Classificação inferida pelo frontend por ausência de segmentos do solver
428,12,100,,12,15,idle,Ociosa,09:31,09:59,28,1,1,,False,False,True,False,False,False,False,False,,,Classificação inferida pelo frontend por ausência de segmentos do solver
428,11,100,,11,16,commercial_trip,Viagem,09:59,10:11,12,1,2,5532,True,True,False,False,False,False,False,False,,,Classificação inferida pelo frontend por ausência de segmentos do solver
428,11,100,,11,17,commercial_trip,Viagem,10:11,10:19,8,2,1,5533,True,True,False,False,False,False,False,False,,,Classificação inferida pelo frontend por ausência de segmentos do solver
428,11,100,,11,18,idle,Ociosa,10:19,10:35,16,1,1,,False,False,True,False,False,False,False,False,,,Classificação inferida pelo frontend por ausência de segmentos do solver
428,12,100,,12,19,commercial_trip,Viagem,10:35,10:52,17,1,2,5543,True,True,False,False,False,False,False,False,,,Classificação inferida pelo frontend por ausência de segmentos do solver
428,12,100,,12,20,commercial_trip,Viagem,10:52,11:04,12,2,1,5545,True,True,False,False,False,False,False,False,,,Classificação inferida pelo frontend por ausência de segmentos do solver
428,12,100,,12,21,normal_break,Intervalo normal,11:04,16:45,341,1,1,,False,False,False,True,False,False,False,False,,,Classificação inferida pelo frontend por ausência de segmentos do solver
428,15,100,,15,22,commercial_trip,Viagem,16:45,17:38,53,1,2,5644,True,True,False,False,False,False,False,False,,,Classificação inferida pelo frontend por ausência de segmentos do solver
428,15,100,,15,23,commercial_trip,Viagem,17:38,18:09,31,2,1,5652,True,True,False,False,False,False,False,False,,,Classificação inferida pelo frontend por ausência de segmentos do solver
428,6,101,,6,1,commercial_trip,Viagem,05:00,05:14,14,1,2,5433,True,True,False,False,False,False,False,False,,,Classificação inferida pelo frontend por ausência de segmentos do solver
428,6,101,,6,2,commercial_trip,Viagem,05:14,05:26,12,2,1,5436,True,True,False,False,False,False,False,False,,,Classificação inferida pelo frontend por ausência de segmentos do solver
428,6,101,,6,3,idle,Ociosa,05:26,05:45,19,1,1,,False,False,True,False,False,False,False,False,,,Classificação inferida pelo frontend por ausência de segmentos do solver
428,6,101,,6,4,commercial_trip,Viagem,05:45,05:59,14,1,2,5447,True,True,False,False,False,False,False,False,,,Classificação inferida pelo frontend por ausência de segmentos do solver
428,6,101,,6,5,commercial_trip,Viagem,05:59,06:11,12,2,1,5450,True,True,False,False,False,False,False,False,,,Classificação inferida pelo frontend por ausência de segmentos do solver
428,6,101,,6,6,idle,Ociosa,06:11,06:30,19,1,1,,False,False,True,False,False,False,False,False,,,Classificação inferida pelo frontend por ausência de segmentos do solver
428,12,101,,12,7,commercial_trip,Viagem,06:30,07:16,46,1,2,5477,True,True,False,False,False,False,False,False,,,Classificação inferida pelo frontend por ausência de segmentos do solver
428,12,101,,12,8,commercial_trip,Viagem,07:16,07:49,33,2,1,5490,True,True,False,False,False,False,False,False,,,Classificação inferida pelo frontend por ausência de segmentos do solver
428,12,101,,12,9,normal_break,Intervalo normal,07:49,08:25,36,1,1,,False,False,False,True,False,False,False,False,,,Classificação inferida pelo frontend por ausência de segmentos do solver
428,7,101,,7,10,commercial_trip,Viagem,08:25,09:09,44,1,2,5515,True,True,False,False,False,False,False,False,,,Classificação inferida pelo frontend por ausência de segmentos do solver
428,7,101,,7,11,commercial_trip,Viagem,09:09,09:36,27,2,1,5523,True,True,False,False,False,False,False,False,,,Classificação inferida pelo frontend por ausência de segmentos do solver
428,7,101,,7,12,idle,Ociosa,09:36,09:55,19,1,1,,False,False,True,False,False,False,False,False,,,Classificação inferida pelo frontend por ausência de segmentos do solver
428,1,101,,1,13,commercial_trip,Viagem,09:55,10:11,16,1,2,5531,True,True,False,False,False,False,False,False,,,Classificação inferida pelo frontend por ausência de segmentos do solver
428,1,101,,1,14,commercial_trip,Viagem,10:11,10:23,12,2,1,5535,True,True,False,False,False,False,False,False,,,Classificação inferida pelo frontend por ausência de segmentos do solver
428,1,101,,1,15,idle,Ociosa,10:23,10:47,24,1,1,,False,False,True,False,False,False,False,False,,,Classificação inferida pelo frontend por ausência de segmentos do solver
428,1,101,,1,16,commercial_trip,Viagem,10:47,11:01,14,1,2,5544,True,True,False,False,False,False,False,False,,,Classificação inferida pelo frontend por ausência de segmentos do solver
428,1,101,,1,17,commercial_trip,Viagem,11:01,11:10,9,2,1,5547,True,True,False,False,False,False,False,False,,,Classificação inferida pelo frontend por ausência de segmentos do solver
428,1,101,,1,18,idle,Ociosa,11:10,11:35,25,1,1,,False,False,True,False,False,False,False,False,,,Classificação inferida pelo frontend por ausência de segmentos do solver
428,3,101,,3,19,commercial_trip,Viagem,11:35,11:48,13,1,2,5557,True,True,False,False,False,False,False,False,,,Classificação inferida pelo frontend por ausência de segmentos do solver
428,3,101,,3,20,commercial_trip,Viagem,11:48,11:57,9,2,1,5558,True,True,False,False,False,False,False,False,,,Classificação inferida pelo frontend por ausência de segmentos do solver
428,3,101,,3,21,normal_break,Intervalo normal,11:57,12:30,33,1,1,,False,False,False,True,False,False,False,False,,,Classificação inferida pelo frontend por ausência de segmentos do solver
428,9,101,,9,22,commercial_trip,Viagem,12:30,12:50,20,1,2,5573,True,True,False,False,False,False,False,False,,,Classificação inferida pelo frontend por ausência de segmentos do solver
428,9,101,,9,23,commercial_trip,Viagem,12:50,13:04,14,2,1,5575,True,True,False,False,False,False,False,False,,,Classificação inferida pelo frontend por ausência de segmentos do solver
428,9,101,,9,24,idle,Ociosa,13:04,13:20,16,1,1,,False,False,True,False,False,False,False,False,,,Classificação inferida pelo frontend por ausência de segmentos do solver
428,9,101,,9,25,commercial_trip,Viagem,13:20,13:38,18,1,2,5583,True,True,False,False,False,False,False,False,,,Classificação inferida pelo frontend por ausência de segmentos do solver
428,9,101,,9,26,commercial_trip,Viagem,13:38,13:49,11,2,1,5587,True,True,False,False,False,False,False,False,,,Classificação inferida pelo frontend por ausência de segmentos do solver
428,9,101,,9,27,idle,Ociosa,13:49,14:07,18,1,1,,False,False,True,False,False,False,False,False,,,Classificação inferida pelo frontend por ausência de segmentos do solver
428,8,101,,8,28,commercial_trip,Viagem,14:07,14:34,27,1,2,5597,True,True,False,False,False,False,False,False,,,Classificação inferida pelo frontend por ausência de segmentos do solver
428,7,102,,7,1,commercial_trip,Viagem,05:20,05:56,36,1,2,5444,True,True,False,False,False,False,False,False,,,Classificação inferida pelo frontend por ausência de segmentos do solver
428,7,102,,7,2,commercial_trip,Viagem,05:56,06:21,25,2,1,5454,True,True,False,False,False,False,False,False,,,Classificação inferida pelo frontend por ausência de segmentos do solver
428,7,102,,7,3,idle,Ociosa,06:21,06:39,18,1,1,,False,False,True,False,False,False,False,False,,,Classificação inferida pelo frontend por ausência de segmentos do solver
428,8,102,,8,4,commercial_trip,Viagem,06:39,06:50,11,1,2,5467,True,True,False,False,False,False,False,False,,,Classificação inferida pelo frontend por ausência de segmentos do solver
428,8,102,,8,5,commercial_trip,Viagem,06:50,06:57,7,2,1,5471,True,True,False,False,False,False,False,False,,,Classificação inferida pelo frontend por ausência de segmentos do solver
428,8,102,,8,6,idle,Ociosa,06:57,07:19,22,1,1,,False,False,True,False,False,False,False,False,,,Classificação inferida pelo frontend por ausência de segmentos do solver
428,8,102,,8,7,commercial_trip,Viagem,07:19,07:31,12,1,2,5485,True,True,False,False,False,False,False,False,,,Classificação inferida pelo frontend por ausência de segmentos do solver
428,8,102,,8,8,commercial_trip,Viagem,07:31,07:40,9,2,1,5488,True,True,False,False,False,False,False,False,,,Classificação inferida pelo frontend por ausência de segmentos do solver
428,8,102,,8,9,idle,Ociosa,07:40,07:59,19,1,1,,False,False,True,False,False,False,False,False,,,Classificação inferida pelo frontend por ausência de segmentos do solver
428,8,102,,8,10,commercial_trip,Viagem,07:59,08:11,12,1,2,5499,True,True,False,False,False,False,False,False,,,Classificação inferida pelo frontend por ausência de segmentos do solver
428,8,102,,8,11,commercial_trip,Viagem,08:11,08:19,8,2,1,5501,True,True,False,False,False,False,False,False,,,Classificação inferida pelo frontend por ausência de segmentos do solver
428,8,102,,8,12,normal_break,Intervalo normal,08:19,17:35,556,1,1,,False,False,False,True,False,False,False,False,,,Classificação inferida pelo frontend por ausência de segmentos do solver
428,5,102,,5,13,commercial_trip,Viagem,17:35,18:34,59,1,2,5661,True,True,False,False,False,False,False,False,,,Classificação inferida pelo frontend por ausência de segmentos do solver
428,5,102,,5,14,commercial_trip,Viagem,18:34,19:00,26,2,1,5671,True,True,False,False,False,False,False,False,,,Classificação inferida pelo frontend por ausência de segmentos do solver
428,4,103,,4,1,commercial_trip,Viagem,05:30,05:44,14,1,2,5442,True,True,False,False,False,False,False,False,,,Classificação inferida pelo frontend por ausência de segmentos do solver
428,4,103,,4,2,commercial_trip,Viagem,05:44,05:56,12,2,1,5446,True,True,False,False,False,False,False,False,,,Classificação inferida pelo frontend por ausência de segmentos do solver
428,4,103,,4,3,idle,Ociosa,05:56,06:18,22,1,1,,False,False,True,False,False,False,False,False,,,Classificação inferida pelo frontend por ausência de segmentos do solver
428,11,103,,11,4,commercial_trip,Viagem,06:18,06:33,15,1,2,5459,True,True,False,False,False,False,False,False,,,Classificação inferida pelo frontend por ausência de segmentos do solver
428,11,103,,11,5,commercial_trip,Viagem,06:33,06:45,12,2,1,5465,True,True,False,False,False,False,False,False,,,Classificação inferida pelo frontend por ausência de segmentos do solver
428,11,103,,11,6,idle,Ociosa,06:45,07:00,15,1,1,,False,False,True,False,False,False,False,False,,,Classificação inferida pelo frontend por ausência de segmentos do solver
428,10,103,,10,7,commercial_trip,Viagem,07:00,07:47,47,1,2,5489,True,True,False,False,False,False,False,False,,,Classificação inferida pelo frontend por ausência de segmentos do solver
428,10,103,,10,8,commercial_trip,Viagem,07:47,08:16,29,2,1,5500,True,True,False,False,False,False,False,False,,,Classificação inferida pelo frontend por ausência de segmentos do solver
428,10,103,,10,9,idle,Ociosa,08:16,08:35,19,1,1,,False,False,True,False,False,False,False,False,,,Classificação inferida pelo frontend por ausência de segmentos do solver
428,10,103,,10,10,commercial_trip,Viagem,08:35,08:52,17,1,2,5510,True,True,False,False,False,False,False,False,,,Classificação inferida pelo frontend por ausência de segmentos do solver
428,10,103,,10,11,commercial_trip,Viagem,08:52,09:05,13,2,1,5513,True,True,False,False,False,False,False,False,,,Classificação inferida pelo frontend por ausência de segmentos do solver
428,10,103,,10,12,normal_break,Intervalo normal,09:05,09:35,30,1,1,,False,False,False,True,False,False,False,False,,,Classificação inferida pelo frontend por ausência de segmentos do solver
428,10,103,,10,13,commercial_trip,Viagem,09:35,09:47,12,1,2,5525,True,True,False,False,False,False,False,False,,,Classificação inferida pelo frontend por ausência de segmentos do solver
428,10,103,,10,14,commercial_trip,Viagem,09:47,09:55,8,2,1,5527,True,True,False,False,False,False,False,False,,,Classificação inferida pelo frontend por ausência de segmentos do solver
428,10,103,,10,15,normal_break,Intervalo normal,09:55,10:30,35,1,1,,False,False,False,True,False,False,False,False,,,Classificação inferida pelo frontend por ausência de segmentos do solver
428,13,103,,13,16,commercial_trip,Viagem,10:30,11:09,39,1,2,5546,True,True,False,False,False,False,False,False,,,Classificação inferida pelo frontend por ausência de segmentos do solver
428,13,103,,13,17,commercial_trip,Viagem,11:09,11:37,28,2,1,5555,True,True,False,False,False,False,False,False,,,Classificação inferida pelo frontend por ausência de segmentos do solver
428,13,103,,13,18,idle,Ociosa,11:37,12:05,28,1,1,,False,False,True,False,False,False,False,False,,,Classificação inferida pelo frontend por ausência de segmentos do solver
428,8,103,,8,19,commercial_trip,Viagem,12:05,12:25,20,1,2,5567,True,True,False,False,False,False,False,False,,,Classificação inferida pelo frontend por ausência de segmentos do solver
428,8,103,,8,20,commercial_trip,Viagem,12:25,12:39,14,2,1,5569,True,True,False,False,False,False,False,False,,,Classificação inferida pelo frontend por ausência de segmentos do solver
428,8,103,,8,21,idle,Ociosa,12:39,12:55,16,1,1,,False,False,True,False,False,False,False,False,,,Classificação inferida pelo frontend por ausência de segmentos do solver
428,5,103,,5,22,commercial_trip,Viagem,12:55,13:15,20,1,2,5578,True,True,False,False,False,False,False,False,,,Classificação inferida pelo frontend por ausência de segmentos do solver
428,5,103,,5,23,commercial_trip,Viagem,13:15,13:26,11,2,1,5581,True,True,False,False,False,False,False,False,,,Classificação inferida pelo frontend por ausência de segmentos do solver
428,5,103,,5,24,idle,Ociosa,13:26,13:45,19,1,1,,False,False,True,False,False,False,False,False,,,Classificação inferida pelo frontend por ausência de segmentos do solver
428,5,103,,5,25,commercial_trip,Viagem,13:45,14:03,18,1,2,5589,True,True,False,False,False,False,False,False,,,Classificação inferida pelo frontend por ausência de segmentos do solver
428,5,103,,5,26,commercial_trip,Viagem,14:03,14:14,11,2,1,5593,True,True,False,False,False,False,False,False,,,Classificação inferida pelo frontend por ausência de segmentos do solver
428,5,103,,5,27,normal_break,Intervalo normal,14:14,14:47,33,1,1,,False,False,False,True,False,False,False,False,,,Classificação inferida pelo frontend por ausência de segmentos do solver
428,12,103,,12,28,commercial_trip,Viagem,14:47,15:00,13,1,2,5604,True,True,False,False,False,False,False,False,,,Classificação inferida pelo frontend por ausência de segmentos do solver
428,12,103,,12,29,commercial_trip,Viagem,15:00,15:08,8,2,1,5606,True,True,False,False,False,False,False,False,,,Classificação inferida pelo frontend por ausência de segmentos do solver
428,12,103,,12,30,idle,Ociosa,15:08,15:31,23,1,1,,False,False,True,False,False,False,False,False,,,Classificação inferida pelo frontend por ausência de segmentos do solver
428,1,103,,1,31,commercial_trip,Viagem,15:31,15:43,12,1,2,5614,True,True,False,False,False,False,False,False,,,Classificação inferida pelo frontend por ausência de segmentos do solver
428,1,103,,1,32,commercial_trip,Viagem,15:43,15:51,8,2,1,5617,True,True,False,False,False,False,False,False,,,Classificação inferida pelo frontend por ausência de segmentos do solver
428,1,103,,1,33,idle,Ociosa,15:51,16:20,29,1,1,,False,False,True,False,False,False,False,False,,,Classificação inferida pelo frontend por ausência de segmentos do solver
428,2,103,,2,34,commercial_trip,Viagem,16:20,17:13,53,1,2,5638,True,True,False,False,False,False,False,False,,,Classificação inferida pelo frontend por ausência de segmentos do solver
428,2,103,,2,35,commercial_trip,Viagem,17:13,17:46,33,2,1,5647,True,True,False,False,False,False,False,False,,,Classificação inferida pelo frontend por ausência de segmentos do solver
428,2,103,,2,36,idle,Ociosa,17:46,18:10,24,1,1,,False,False,True,False,False,False,False,False,,,Classificação inferida pelo frontend por ausência de segmentos do solver
428,2,103,,2,37,commercial_trip,Viagem,18:10,18:29,19,1,2,5659,True,True,False,False,False,False,False,False,,,Classificação inferida pelo frontend por ausência de segmentos do solver
428,2,103,,2,38,commercial_trip,Viagem,18:29,18:40,11,2,1,5663,True,True,False,False,False,False,False,False,,,Classificação inferida pelo frontend por ausência de segmentos do solver
428,1,104,,1,1,commercial_trip,Viagem,04:30,04:43,13,1,2,5426,True,True,False,False,False,False,False,False,,,Classificação inferida pelo frontend por ausência de segmentos do solver
428,1,104,,1,2,commercial_trip,Viagem,04:43,04:52,9,2,1,5429,True,True,False,False,False,False,False,False,,,Classificação inferida pelo frontend por ausência de segmentos do solver
428,1,104,,1,3,normal_break,Intervalo normal,04:52,06:00,68,1,1,,False,False,False,True,False,False,False,False,,,Classificação inferida pelo frontend por ausência de segmentos do solver
428,9,104,,9,4,commercial_trip,Viagem,06:00,06:40,40,1,2,5462,True,True,False,False,False,False,False,False,,,Classificação inferida pelo frontend por ausência de segmentos do solver
428,9,104,,9,5,commercial_trip,Viagem,06:40,07:09,29,2,1,5474,True,True,False,False,False,False,False,False,,,Classificação inferida pelo frontend por ausência de segmentos do solver
428,9,104,,9,6,idle,Ociosa,07:09,07:35,26,1,1,,False,False,True,False,False,False,False,False,,,Classificação inferida pelo frontend por ausência de segmentos do solver
428,5,104,,5,7,commercial_trip,Viagem,07:35,07:51,16,1,2,5492,True,True,False,False,False,False,False,False,,,Classificação inferida pelo frontend por ausência de segmentos do solver
428,5,104,,5,8,commercial_trip,Viagem,07:51,08:04,13,2,1,5496,True,True,False,False,False,False,False,False,,,Classificação inferida pelo frontend por ausência de segmentos do solver
428,5,104,,5,9,idle,Ociosa,08:04,08:23,19,1,1,,False,False,True,False,False,False,False,False,,,Classificação inferida pelo frontend por ausência de segmentos do solver
428,6,104,,6,10,commercial_trip,Viagem,08:23,08:36,13,1,2,5506,True,True,False,False,False,False,False,False,,,Classificação inferida pelo frontend por ausência de segmentos do solver
428,6,104,,6,11,commercial_trip,Viagem,08:36,08:44,8,2,1,5508,True,True,False,False,False,False,False,False,,,Classificação inferida pelo frontend por ausência de segmentos do solver
428,6,104,,6,12,normal_break,Intervalo normal,08:44,09:15,31,1,1,,False,False,False,True,False,False,False,False,,,Classificação inferida pelo frontend por ausência de segmentos do solver
428,9,104,,9,13,commercial_trip,Viagem,09:15,09:58,43,1,2,5528,True,True,False,False,False,False,False,False,,,Classificação inferida pelo frontend por ausência de segmentos do solver
428,9,104,,9,14,commercial_trip,Viagem,09:58,10:24,26,2,1,5536,True,True,False,False,False,False,False,False,,,Classificação inferida pelo frontend por ausência de segmentos do solver
428,9,104,,9,15,normal_break,Intervalo normal,10:24,10:55,31,1,1,,False,False,False,True,False,False,False,False,,,Classificação inferida pelo frontend por ausência de segmentos do solver
428,2,104,,2,16,commercial_trip,Viagem,10:55,11:34,39,1,2,5553,True,True,False,False,False,False,False,False,,,Classificação inferida pelo frontend por ausência de segmentos do solver
428,2,104,,2,17,commercial_trip,Viagem,11:34,12:00,26,2,1,5561,True,True,False,False,False,False,False,False,,,Classificação inferida pelo frontend por ausência de segmentos do solver
428,2,104,,2,18,idle,Ociosa,12:00,12:23,23,1,1,,False,False,True,False,False,False,False,False,,,Classificação inferida pelo frontend por ausência de segmentos do solver
428,3,104,,3,19,commercial_trip,Viagem,12:23,12:37,14,1,2,5568,True,True,False,False,False,False,False,False,,,Classificação inferida pelo frontend por ausência de segmentos do solver
428,3,104,,3,20,commercial_trip,Viagem,12:37,12:45,8,2,1,5570,True,True,False,False,False,False,False,False,,,Classificação inferida pelo frontend por ausência de segmentos do solver
428,3,104,,3,21,idle,Ociosa,12:45,13:00,15,1,1,,False,False,True,False,False,False,False,False,,,Classificação inferida pelo frontend por ausência de segmentos do solver
428,3,104,,3,22,commercial_trip,Viagem,13:00,13:42,42,1,2,5584,True,True,False,False,False,False,False,False,,,Classificação inferida pelo frontend por ausência de segmentos do solver
428,10,105,,10,1,commercial_trip,Viagem,06:10,06:25,15,1,2,5456,True,True,False,False,False,False,False,False,,,Classificação inferida pelo frontend por ausência de segmentos do solver
428,10,105,,10,2,commercial_trip,Viagem,06:25,06:37,12,2,1,5460,True,True,False,False,False,False,False,False,,,Classificação inferida pelo frontend por ausência de segmentos do solver
428,10,105,,10,3,idle,Ociosa,06:37,07:00,23,1,1,,False,False,True,False,False,False,False,False,,,Classificação inferida pelo frontend por ausência de segmentos do solver
428,11,105,,11,4,commercial_trip,Viagem,07:00,07:16,16,1,2,5478,True,True,False,False,False,False,False,False,,,Classificação inferida pelo frontend por ausência de segmentos do solver
428,11,105,,11,5,commercial_trip,Viagem,07:16,07:29,13,2,1,5483,True,True,False,False,False,False,False,False,,,Classificação inferida pelo frontend por ausência de segmentos do solver
428,11,105,,11,6,normal_break,Intervalo normal,07:29,08:00,31,1,1,,False,False,False,True,False,False,False,False,,,Classificação inferida pelo frontend por ausência de segmentos do solver
428,1,105,,1,7,commercial_trip,Viagem,08:00,08:44,44,1,2,5507,True,True,False,False,False,False,False,False,,,Classificação inferida pelo frontend por ausência de segmentos do solver
428,1,105,,1,8,commercial_trip,Viagem,08:44,09:11,27,2,1,5516,True,True,False,False,False,False,False,False,,,Classificação inferida pelo frontend por ausência de segmentos do solver
428,1,105,,1,9,idle,Ociosa,09:11,09:35,24,1,1,,False,False,True,False,False,False,False,False,,,Classificação inferida pelo frontend por ausência de segmentos do solver
428,5,105,,5,10,commercial_trip,Viagem,09:35,09:51,16,1,2,5526,True,True,False,False,False,False,False,False,,,Classificação inferida pelo frontend por ausência de segmentos do solver
428,5,105,,5,11,commercial_trip,Viagem,09:51,10:03,12,2,1,5530,True,True,False,False,False,False,False,False,,,Classificação inferida pelo frontend por ausência de segmentos do solver
428,5,105,,5,12,idle,Ociosa,10:03,10:23,20,1,1,,False,False,True,False,False,False,False,False,,,Classificação inferida pelo frontend por ausência de segmentos do solver
428,5,105,,5,13,commercial_trip,Viagem,10:23,10:37,14,1,2,5538,True,True,False,False,False,False,False,False,,,Classificação inferida pelo frontend por ausência de segmentos do solver
428,5,105,,5,14,commercial_trip,Viagem,10:37,10:45,8,2,1,5540,True,True,False,False,False,False,False,False,,,Classificação inferida pelo frontend por ausência de segmentos do solver
428,5,105,,5,15,normal_break,Intervalo normal,10:45,11:20,35,1,1,,False,False,False,True,False,False,False,False,,,Classificação inferida pelo frontend por ausência de segmentos do solver
428,12,105,,12,16,commercial_trip,Viagem,11:20,11:59,39,1,2,5559,True,True,False,False,False,False,False,False,,,Classificação inferida pelo frontend por ausência de segmentos do solver
428,12,105,,12,17,commercial_trip,Viagem,11:59,12:25,26,2,1,5566,True,True,False,False,False,False,False,False,,,Classificação inferida pelo frontend por ausência de segmentos do solver
428,12,105,,12,18,idle,Ociosa,12:25,12:47,22,1,1,,False,False,True,False,False,False,False,False,,,Classificação inferida pelo frontend por ausência de segmentos do solver
428,12,105,,12,19,commercial_trip,Viagem,12:47,13:01,14,1,2,5574,True,True,False,False,False,False,False,False,,,Classificação inferida pelo frontend por ausência de segmentos do solver
428,12,105,,12,20,commercial_trip,Viagem,13:01,13:08,7,2,1,5576,True,True,False,False,False,False,False,False,,,Classificação inferida pelo frontend por ausência de segmentos do solver
428,12,105,,12,21,idle,Ociosa,13:08,13:35,27,1,1,,False,False,True,False,False,False,False,False,,,Classificação inferida pelo frontend por ausência de segmentos do solver
428,10,105,,10,22,commercial_trip,Viagem,13:35,13:49,14,1,2,5586,True,True,False,False,False,False,False,False,,,Classificação inferida pelo frontend por ausência de segmentos do solver
428,10,105,,10,23,commercial_trip,Viagem,13:49,13:56,7,2,1,5588,True,True,False,False,False,False,False,False,,,Classificação inferida pelo frontend por ausência de segmentos do solver
428,10,105,,10,24,idle,Ociosa,13:56,14:15,19,1,1,,False,False,True,False,False,False,False,False,,,Classificação inferida pelo frontend por ausência de segmentos do solver
428,10,105,,10,25,commercial_trip,Viagem,14:15,14:57,42,1,2,5602,True,True,False,False,False,False,False,False,,,Classificação inferida pelo frontend por ausência de segmentos do solver
428,10,105,,10,26,commercial_trip,Viagem,14:57,15:24,27,2,1,5610,True,True,False,False,False,False,False,False,,,Classificação inferida pelo frontend por ausência de segmentos do solver
428,10,105,,10,27,idle,Ociosa,15:24,15:51,27,1,1,,False,False,True,False,False,False,False,False,,,Classificação inferida pelo frontend por ausência de segmentos do solver
428,14,105,,14,28,commercial_trip,Viagem,15:51,16:03,12,1,2,5619,True,True,False,False,False,False,False,False,,,Classificação inferida pelo frontend por ausência de segmentos do solver
428,14,105,,14,29,commercial_trip,Viagem,16:03,16:11,8,2,1,5621,True,True,False,False,False,False,False,False,,,Classificação inferida pelo frontend por ausência de segmentos do solver
428,14,105,,14,30,idle,Ociosa,16:11,16:27,16,1,1,,False,False,True,False,False,False,False,False,,,Classificação inferida pelo frontend por ausência de segmentos do solver
428,14,105,,14,31,commercial_trip,Viagem,16:27,16:41,14,1,2,5629,True,True,False,False,False,False,False,False,,,Classificação inferida pelo frontend por ausência de segmentos do solver
428,14,105,,14,32,commercial_trip,Viagem,16:41,16:49,8,2,1,5632,True,True,False,False,False,False,False,False,,,Classificação inferida pelo frontend por ausência de segmentos do solver
428,14,105,,14,33,idle,Ociosa,16:49,17:10,21,1,1,,False,False,True,False,False,False,False,False,,,Classificação inferida pelo frontend por ausência de segmentos do solver
428,13,105,,13,34,commercial_trip,Viagem,17:10,18:14,64,1,2,5655,True,True,False,False,False,False,False,False,,,Classificação inferida pelo frontend por ausência de segmentos do solver
428,13,105,,13,35,commercial_trip,Viagem,18:14,18:44,30,2,1,5664,True,True,False,False,False,False,False,False,,,Classificação inferida pelo frontend por ausência de segmentos do solver
428,13,105,,13,36,idle,Ociosa,18:44,19:09,25,1,1,,False,False,True,False,False,False,False,False,,,Classificação inferida pelo frontend por ausência de segmentos do solver
428,13,105,,13,37,commercial_trip,Viagem,19:09,19:22,13,1,2,5678,True,True,False,False,False,False,False,False,,,Classificação inferida pelo frontend por ausência de segmentos do solver
428,13,105,,13,38,commercial_trip,Viagem,19:22,19:29,7,2,1,5680,True,True,False,False,False,False,False,False,,,Classificação inferida pelo frontend por ausência de segmentos do solver
428,5,106,,5,1,commercial_trip,Viagem,06:19,06:30,11,1,2,5458,True,True,False,False,False,False,False,False,,,Classificação inferida pelo frontend por ausência de segmentos do solver
428,5,106,,5,2,commercial_trip,Viagem,06:30,06:37,7,2,1,5461,True,True,False,False,False,False,False,False,,,Classificação inferida pelo frontend por ausência de segmentos do solver
428,5,106,,5,3,normal_break,Intervalo normal,06:37,07:20,43,1,1,,False,False,False,True,False,False,False,False,,,Classificação inferida pelo frontend por ausência de segmentos do solver
428,6,106,,6,4,commercial_trip,Viagem,07:20,07:36,16,1,2,5486,True,True,False,False,False,False,False,False,,,Classificação inferida pelo frontend por ausência de segmentos do solver
428,6,106,,6,5,commercial_trip,Viagem,07:36,07:49,13,2,1,5491,True,True,False,False,False,False,False,False,,,Classificação inferida pelo frontend por ausência de segmentos do solver
428,6,107,,6,1,commercial_trip,Viagem,06:34,06:49,15,1,2,5466,True,True,False,False,False,False,False,False,,,Classificação inferida pelo frontend por ausência de segmentos do solver
428,6,107,,6,2,commercial_trip,Viagem,06:49,07:01,12,2,1,5472,True,True,False,False,False,False,False,False,,,Classificação inferida pelo frontend por ausência de segmentos do solver
428,6,107,,6,3,idle,Ociosa,07:01,07:20,19,1,1,,False,False,True,False,False,False,False,False,,,Classificação inferida pelo frontend por ausência de segmentos do solver
428,3,107,,3,4,commercial_trip,Viagem,07:20,08:07,47,1,2,5497,True,True,False,False,False,False,False,False,,,Classificação inferida pelo frontend por ausência de segmentos do solver
428,3,107,,3,5,commercial_trip,Viagem,08:07,08:36,29,2,1,5505,True,True,False,False,False,False,False,False,,,Classificação inferida pelo frontend por ausência de segmentos do solver
428,3,107,,3,6,idle,Ociosa,08:36,08:55,19,1,1,,False,False,True,False,False,False,False,False,,,Classificação inferida pelo frontend por ausência de segmentos do solver
428,3,107,,3,7,commercial_trip,Viagem,08:55,09:12,17,1,2,5517,True,True,False,False,False,False,False,False,,,Classificação inferida pelo frontend por ausência de segmentos do solver
428,3,107,,3,8,commercial_trip,Viagem,09:12,09:24,12,2,1,5519,True,True,False,False,False,False,False,False,,,Classificação inferida pelo frontend por ausência de segmentos do solver
428,3,107,,3,9,idle,Ociosa,09:24,09:40,16,1,1,,False,False,True,False,False,False,False,False,,,Classificação inferida pelo frontend por ausência de segmentos do solver
428,3,107,,3,10,commercial_trip,Viagem,09:40,10:23,43,1,2,5534,True,True,False,False,False,False,False,False,,,Classificação inferida pelo frontend por ausência de segmentos do solver
428,3,107,,3,11,commercial_trip,Viagem,10:23,10:49,26,2,1,5542,True,True,False,False,False,False,False,False,,,Classificação inferida pelo frontend por ausência de segmentos do solver
428,3,107,,3,12,idle,Ociosa,10:49,11:11,22,1,1,,False,False,True,False,False,False,False,False,,,Classificação inferida pelo frontend por ausência de segmentos do solver
428,5,107,,5,13,commercial_trip,Viagem,11:11,11:24,13,1,2,5550,True,True,False,False,False,False,False,False,,,Classificação inferida pelo frontend por ausência de segmentos do solver
428,5,107,,5,14,commercial_trip,Viagem,11:24,11:33,9,2,1,5552,True,True,False,False,False,False,False,False,,,Classificação inferida pelo frontend por ausência de segmentos do solver
428,5,107,,5,15,idle,Ociosa,11:33,11:59,26,1,1,,False,False,True,False,False,False,False,False,,,Classificação inferida pelo frontend por ausência de segmentos do solver
428,5,107,,5,16,commercial_trip,Viagem,11:59,12:12,13,1,2,5563,True,True,False,False,False,False,False,False,,,Classificação inferida pelo frontend por ausência de segmentos do solver
428,5,107,,5,17,commercial_trip,Viagem,12:12,12:20,8,2,1,5564,True,True,False,False,False,False,False,False,,,Classificação inferida pelo frontend por ausência de segmentos do solver
428,5,107,,5,18,idle,Ociosa,12:20,12:35,15,1,1,,False,False,True,False,False,False,False,False,,,Classificação inferida pelo frontend por ausência de segmentos do solver
428,2,107,,2,19,commercial_trip,Viagem,12:35,13:15,40,1,2,5577,True,True,False,False,False,False,False,False,,,Classificação inferida pelo frontend por ausência de segmentos do solver
428,2,107,,2,20,commercial_trip,Viagem,13:15,13:42,27,2,1,5585,True,True,False,False,False,False,False,False,,,Classificação inferida pelo frontend por ausência de segmentos do solver
428,2,107,,2,21,idle,Ociosa,13:42,13:59,17,1,1,,False,False,True,False,False,False,False,False,,,Classificação inferida pelo frontend por ausência de segmentos do solver
428,2,107,,2,22,commercial_trip,Viagem,13:59,14:13,14,1,2,5592,True,True,False,False,False,False,False,False,,,Classificação inferida pelo frontend por ausência de segmentos do solver
428,2,107,,2,23,commercial_trip,Viagem,14:13,14:21,8,2,1,5594,True,True,False,False,False,False,False,False,,,Classificação inferida pelo frontend por ausência de segmentos do solver
428,2,107,,2,24,idle,Ociosa,14:21,14:40,19,1,1,,False,False,True,False,False,False,False,False,,,Classificação inferida pelo frontend por ausência de segmentos do solver
428,2,107,,2,25,commercial_trip,Viagem,14:40,15:22,42,1,2,5608,True,True,False,False,False,False,False,False,,,Classificação inferida pelo frontend por ausência de segmentos do solver
428,2,107,,2,26,commercial_trip,Viagem,15:22,15:49,27,2,1,5616,True,True,False,False,False,False,False,False,,,Classificação inferida pelo frontend por ausência de segmentos do solver
428,2,107,,2,27,idle,Ociosa,15:49,16:15,26,1,1,,False,False,True,False,False,False,False,False,,,Classificação inferida pelo frontend por ausência de segmentos do solver
428,12,107,,12,28,commercial_trip,Viagem,16:15,16:33,18,1,2,5627,True,True,False,False,False,False,False,False,,,Classificação inferida pelo frontend por ausência de segmentos do solver
428,12,107,,12,29,commercial_trip,Viagem,16:33,16:44,11,2,1,5631,True,True,False,False,False,False,False,False,,,Classificação inferida pelo frontend por ausência de segmentos do solver
428,12,107,,12,30,idle,Ociosa,16:44,17:05,21,1,1,,False,False,True,False,False,False,False,False,,,Classificação inferida pelo frontend por ausência de segmentos do solver
428,14,107,,14,31,commercial_trip,Viagem,17:05,17:25,20,1,2,5640,True,True,False,False,False,False,False,False,,,Classificação inferida pelo frontend por ausência de segmentos do solver
428,14,107,,14,32,commercial_trip,Viagem,17:25,17:37,12,2,1,5643,True,True,False,False,False,False,False,False,,,Classificação inferida pelo frontend por ausência de segmentos do solver
428,14,107,,14,33,idle,Ociosa,17:37,17:57,20,1,1,,False,False,True,False,False,False,False,False,,,Classificação inferida pelo frontend por ausência de segmentos do solver
428,9,107,,9,34,commercial_trip,Viagem,17:57,18:13,16,1,2,5654,True,True,False,False,False,False,False,False,,,Classificação inferida pelo frontend por ausência de segmentos do solver
428,9,107,,9,35,commercial_trip,Viagem,18:13,18:20,7,2,1,5657,True,True,False,False,False,False,False,False,,,Classificação inferida pelo frontend por ausência de segmentos do solver
428,9,107,,9,36,idle,Ociosa,18:20,18:40,20,1,1,,False,False,True,False,False,False,False,False,,,Classificação inferida pelo frontend por ausência de segmentos do solver
428,9,107,,9,37,commercial_trip,Viagem,18:40,18:59,19,1,2,5670,True,True,False,False,False,False,False,False,,,Classificação inferida pelo frontend por ausência de segmentos do solver
428,9,107,,9,38,commercial_trip,Viagem,18:59,19:09,10,2,1,5673,True,True,False,False,False,False,False,False,,,Classificação inferida pelo frontend por ausência de segmentos do solver
428,9,107,,9,39,idle,Ociosa,19:09,19:27,18,1,1,,False,False,True,False,False,False,False,False,,,Classificação inferida pelo frontend por ausência de segmentos do solver
428,9,107,,9,40,commercial_trip,Viagem,19:27,19:40,13,1,2,5682,True,True,False,False,False,False,False,False,,,Classificação inferida pelo frontend por ausência de segmentos do solver
428,9,107,,9,41,commercial_trip,Viagem,19:40,19:47,7,2,1,5685,True,True,False,False,False,False,False,False,,,Classificação inferida pelo frontend por ausência de segmentos do solver
428,9,107,,9,42,idle,Ociosa,19:47,20:03,16,1,1,,False,False,True,False,False,False,False,False,,,Classificação inferida pelo frontend por ausência de segmentos do solver
428,13,107,,13,43,commercial_trip,Viagem,20:03,20:14,11,1,2,5693,True,True,False,False,False,False,False,False,,,Classificação inferida pelo frontend por ausência de segmentos do solver
428,13,107,,13,44,commercial_trip,Viagem,20:14,20:20,6,2,1,5695,True,True,False,False,False,False,False,False,,,Classificação inferida pelo frontend por ausência de segmentos do solver
428,14,109,,14,1,commercial_trip,Viagem,13:25,14:07,42,2,1,5590,True,True,False,False,False,False,False,False,,,Classificação inferida pelo frontend por ausência de segmentos do solver
428,14,109,,14,2,idle,Ociosa,14:07,14:23,16,1,1,,False,False,True,False,False,False,False,False,,,Classificação inferida pelo frontend por ausência de segmentos do solver
428,14,109,,14,3,commercial_trip,Viagem,14:23,14:36,13,1,2,5598,True,True,False,False,False,False,False,False,,,Classificação inferida pelo frontend por ausência de segmentos do solver
428,14,109,,14,4,commercial_trip,Viagem,14:36,14:44,8,2,1,5600,True,True,False,False,False,False,False,False,,,Classificação inferida pelo frontend por ausência de segmentos do solver
428,14,109,,14,5,idle,Ociosa,14:44,15:00,16,1,1,,False,False,True,False,False,False,False,False,,,Classificação inferida pelo frontend por ausência de segmentos do solver
428,14,109,,14,6,commercial_trip,Viagem,15:00,15:17,17,1,2,5607,True,True,False,False,False,False,False,False,,,Classificação inferida pelo frontend por ausência de segmentos do solver
428,14,109,,14,7,commercial_trip,Viagem,15:17,15:27,10,2,1,5611,True,True,False,False,False,False,False,False,,,Classificação inferida pelo frontend por ausência de segmentos do solver
428,14,109,,14,8,idle,Ociosa,15:27,15:50,23,1,1,,False,False,True,False,False,False,False,False,,,Classificação inferida pelo frontend por ausência de segmentos do solver
428,9,109,,9,9,commercial_trip,Viagem,15:50,16:07,17,1,2,5620,True,True,False,False,False,False,False,False,,,Classificação inferida pelo frontend por ausência de segmentos do solver
428,9,109,,9,10,commercial_trip,Viagem,16:07,16:18,11,2,1,5624,True,True,False,False,False,False,False,False,,,Classificação inferida pelo frontend por ausência de segmentos do solver
428,9,109,,9,11,idle,Ociosa,16:18,16:40,22,1,1,,False,False,True,False,False,False,False,False,,,Classificação inferida pelo frontend por ausência de segmentos do solver
428,9,109,,9,12,commercial_trip,Viagem,16:40,16:58,18,1,2,5633,True,True,False,False,False,False,False,False,,,Classificação inferida pelo frontend por ausência de segmentos do solver
428,9,109,,9,13,commercial_trip,Viagem,16:58,17:09,11,2,1,5637,True,True,False,False,False,False,False,False,,,Classificação inferida pelo frontend por ausência de segmentos do solver
428,9,109,,9,14,idle,Ociosa,17:09,17:25,16,1,1,,False,False,True,False,False,False,False,False,,,Classificação inferida pelo frontend por ausência de segmentos do solver
428,4,109,,4,15,commercial_trip,Viagem,17:25,17:45,20,1,2,5645,True,True,False,False,False,False,False,False,,,Classificação inferida pelo frontend por ausência de segmentos do solver
428,4,109,,4,16,commercial_trip,Viagem,17:45,17:57,12,2,1,5649,True,True,False,False,False,False,False,False,,,Classificação inferida pelo frontend por ausência de segmentos do solver
428,4,109,,4,17,idle,Ociosa,17:57,18:15,18,1,1,,False,False,True,False,False,False,False,False,,,Classificação inferida pelo frontend por ausência de segmentos do solver
428,4,109,,4,18,commercial_trip,Viagem,18:15,18:30,15,1,2,5660,True,True,False,False,False,False,False,False,,,Classificação inferida pelo frontend por ausência de segmentos do solver
428,4,109,,4,19,commercial_trip,Viagem,18:30,18:37,7,2,1,5662,True,True,False,False,False,False,False,False,,,Classificação inferida pelo frontend por ausência de segmentos do solver
428,4,109,,4,20,idle,Ociosa,18:37,19:00,23,1,1,,False,False,True,False,False,False,False,False,,,Classificação inferida pelo frontend por ausência de segmentos do solver
428,4,109,,4,21,commercial_trip,Viagem,19:00,19:19,19,1,2,5676,True,True,False,False,False,False,False,False,,,Classificação inferida pelo frontend por ausência de segmentos do solver
428,4,109,,4,22,commercial_trip,Viagem,19:19,19:28,9,2,1,5679,True,True,False,False,False,False,False,False,,,Classificação inferida pelo frontend por ausência de segmentos do solver
428,4,109,,4,23,idle,Ociosa,19:28,19:45,17,1,1,,False,False,True,False,False,False,False,False,,,Classificação inferida pelo frontend por ausência de segmentos do solver
428,4,109,,4,24,commercial_trip,Viagem,19:45,19:58,13,1,2,5687,True,True,False,False,False,False,False,False,,,Classificação inferida pelo frontend por ausência de segmentos do solver
428,4,109,,4,25,commercial_trip,Viagem,19:58,20:05,7,2,1,5690,True,True,False,False,False,False,False,False,,,Classificação inferida pelo frontend por ausência de segmentos do solver
428,4,109,,4,26,idle,Ociosa,20:05,20:20,15,1,1,,False,False,True,False,False,False,False,False,,,Classificação inferida pelo frontend por ausência de segmentos do solver
428,4,109,,4,27,commercial_trip,Viagem,20:20,20:36,16,1,2,5699,True,True,False,False,False,False,False,False,,,Classificação inferida pelo frontend por ausência de segmentos do solver
428,4,109,,4,28,commercial_trip,Viagem,20:36,20:45,9,2,1,5701,True,True,False,False,False,False,False,False,,,Classificação inferida pelo frontend por ausência de segmentos do solver
428,4,109,,4,29,normal_break,Intervalo normal,20:45,22:25,100,1,1,,False,False,False,True,False,False,False,False,,,Classificação inferida pelo frontend por ausência de segmentos do solver
428,9,109,,9,30,commercial_trip,Viagem,22:25,22:58,33,1,2,5715,True,True,False,False,False,False,False,False,,,Classificação inferida pelo frontend por ausência de segmentos do solver
428,9,109,,9,31,commercial_trip,Viagem,22:58,23:15,17,2,1,5717,True,True,False,False,False,False,False,False,,,Classificação inferida pelo frontend por ausência de segmentos do solver
428,15,110,,15,1,commercial_trip,Viagem,13:42,14:09,27,2,1,5591,True,True,False,False,False,False,False,False,,,Classificação inferida pelo frontend por ausência de segmentos do solver
428,15,110,,15,2,idle,Ociosa,14:09,14:35,26,1,1,,False,False,True,False,False,False,False,False,,,Classificação inferida pelo frontend por ausência de segmentos do solver
428,5,110,,5,3,commercial_trip,Viagem,14:35,14:51,16,1,2,5601,True,True,False,False,False,False,False,False,,,Classificação inferida pelo frontend por ausência de segmentos do solver
428,5,110,,5,4,commercial_trip,Viagem,14:51,15:02,11,2,1,5605,True,True,False,False,False,False,False,False,,,Classificação inferida pelo frontend por ausência de segmentos do solver
428,5,110,,5,5,idle,Ociosa,15:02,15:25,23,1,1,,False,False,True,False,False,False,False,False,,,Classificação inferida pelo frontend por ausência de segmentos do solver
428,12,110,,12,6,commercial_trip,Viagem,15:25,15:42,17,1,2,5613,True,True,False,False,False,False,False,False,,,Classificação inferida pelo frontend por ausência de segmentos do solver
428,12,110,,12,7,commercial_trip,Viagem,15:42,15:52,10,2,1,5618,True,True,False,False,False,False,False,False,,,Classificação inferida pelo frontend por ausência de segmentos do solver
428,12,110,,12,8,idle,Ociosa,15:52,16:09,17,1,1,,False,False,True,False,False,False,False,False,,,Classificação inferida pelo frontend por ausência de segmentos do solver
428,1,110,,1,9,commercial_trip,Viagem,16:09,16:23,14,1,2,5625,True,True,False,False,False,False,False,False,,,Classificação inferida pelo frontend por ausência de segmentos do solver
428,1,110,,1,10,commercial_trip,Viagem,16:23,16:31,8,2,1,5626,True,True,False,False,False,False,False,False,,,Classificação inferida pelo frontend por ausência de segmentos do solver
428,1,110,,1,11,normal_break,Intervalo normal,16:31,17:03,32,1,1,,False,False,False,True,False,False,False,False,,,Classificação inferida pelo frontend por ausência de segmentos do solver
428,1,110,,1,12,commercial_trip,Viagem,17:03,17:19,16,1,2,5639,True,True,False,False,False,False,False,False,,,Classificação inferida pelo frontend por ausência de segmentos do solver
428,1,110,,1,13,commercial_trip,Viagem,17:19,17:27,8,2,1,5641,True,True,False,False,False,False,False,False,,,Classificação inferida pelo frontend por ausência de segmentos do solver
428,1,110,,1,14,idle,Ociosa,17:27,17:55,28,1,1,,False,False,True,False,False,False,False,False,,,Classificação inferida pelo frontend por ausência de segmentos do solver
428,1,110,,1,15,commercial_trip,Viagem,17:55,18:15,20,1,2,5656,True,True,False,False,False,False,False,False,,,Classificação inferida pelo frontend por ausência de segmentos do solver
428,1,110,,1,16,commercial_trip,Viagem,18:15,18:26,11,2,1,5658,True,True,False,False,False,False,False,False,,,Classificação inferida pelo frontend por ausência de segmentos do solver
428,1,110,,1,17,idle,Ociosa,18:26,18:50,24,1,1,,False,False,True,False,False,False,False,False,,,Classificação inferida pelo frontend por ausência de segmentos do solver
428,1,110,,1,18,commercial_trip,Viagem,18:50,19:43,53,1,2,5683,True,True,False,False,False,False,False,False,,,Classificação inferida pelo frontend por ausência de segmentos do solver
428,1,110,,1,19,commercial_trip,Viagem,19:43,20:07,24,2,1,5691,True,True,False,False,False,False,False,False,,,Classificação inferida pelo frontend por ausência de segmentos do solver
428,1,110,,1,20,idle,Ociosa,20:07,20:30,23,1,1,,False,False,True,False,False,False,False,False,,,Classificação inferida pelo frontend por ausência de segmentos do solver
428,1,110,,1,21,commercial_trip,Viagem,20:30,20:41,11,1,2,5700,True,True,False,False,False,False,False,False,,,Classificação inferida pelo frontend por ausência de segmentos do solver
428,1,110,,1,22,commercial_trip,Viagem,20:41,20:47,6,2,1,5702,True,True,False,False,False,False,False,False,,,Classificação inferida pelo frontend por ausência de segmentos do solver
428,1,110,,1,23,normal_break,Intervalo normal,20:47,24:05,198,1,1,,False,False,False,True,False,False,False,False,,,Classificação inferida pelo frontend por ausência de segmentos do solver
428,12,110,,12,24,commercial_trip,Viagem,24:05,24:32,27,1,2,5424,True,True,False,False,False,False,False,False,,,Classificação inferida pelo frontend por ausência de segmentos do solver
428,12,110,,12,25,commercial_trip,Viagem,24:32,24:43,11,2,1,5425,True,True,False,False,False,False,False,False,,,Classificação inferida pelo frontend por ausência de segmentos do solver
428,15,111,,15,1,commercial_trip,Viagem,18:25,19:19,54,1,2,5675,True,True,False,False,False,False,False,False,,,Classificação inferida pelo frontend por ausência de segmentos do solver
428,15,111,,15,2,commercial_trip,Viagem,19:19,19:45,26,2,1,5684,True,True,False,False,False,False,False,False,,,Classificação inferida pelo frontend por ausência de segmentos do solver
428,15,111,,15,3,idle,Ociosa,19:45,20:00,15,1,1,,False,False,True,False,False,False,False,False,,,Classificação inferida pelo frontend por ausência de segmentos do solver
428,2,111,,2,4,commercial_trip,Viagem,20:00,20:16,16,1,2,5694,True,True,False,False,False,False,False,False,,,Classificação inferida pelo frontend por ausência de segmentos do solver
428,2,111,,2,5,commercial_trip,Viagem,20:16,20:25,9,2,1,5698,True,True,False,False,False,False,False,False,,,Classificação inferida pelo frontend por ausência de segmentos do solver
428,2,111,,2,6,idle,Ociosa,20:25,20:40,15,1,1,,False,False,True,False,False,False,False,False,,,Classificação inferida pelo frontend por ausência de segmentos do solver
428,10,111,,10,7,commercial_trip,Viagem,20:40,21:21,41,1,2,5707,True,True,False,False,False,False,False,False,,,Classificação inferida pelo frontend por ausência de segmentos do solver
428,10,111,,10,8,commercial_trip,Viagem,21:21,21:45,24,2,1,5709,True,True,False,False,False,False,False,False,,,Classificação inferida pelo frontend por ausência de segmentos do solver
428,10,111,,10,9,normal_break,Intervalo normal,21:45,22:20,35,1,1,,False,False,False,True,False,False,False,False,,,Classificação inferida pelo frontend por ausência de segmentos do solver
428,2,111,,2,10,commercial_trip,Viagem,22:20,22:47,27,1,2,5714,True,True,False,False,False,False,False,False,,,Classificação inferida pelo frontend por ausência de segmentos do solver
428,2,111,,2,11,commercial_trip,Viagem,22:47,22:58,11,2,1,5716,True,True,False,False,False,False,False,False,,,Classificação inferida pelo frontend por ausência de segmentos do solver
428,2,111,,2,12,idle,Ociosa,22:58,23:25,27,1,1,,False,False,True,False,False,False,False,False,,,Classificação inferida pelo frontend por ausência de segmentos do solver
428,2,111,,2,13,commercial_trip,Viagem,23:25,23:54,29,1,2,5720,True,True,False,False,False,False,False,False,,,Classificação inferida pelo frontend por ausência de segmentos do solver
428,2,111,,2,14,commercial_trip,Viagem,23:54,24:09,15,2,1,5423,True,True,False,False,False,False,False,False,,,Classificação inferida pelo frontend por ausência de segmentos do solver
428,10,112,,10,1,commercial_trip,Viagem,18:33,18:48,15,1,2,5666,True,True,False,False,False,False,False,False,,,Classificação inferida pelo frontend por ausência de segmentos do solver
428,10,112,,10,2,commercial_trip,Viagem,18:48,18:55,7,2,1,5669,True,True,False,False,False,False,False,False,,,Classificação inferida pelo frontend por ausência de segmentos do solver
428,10,112,,10,3,idle,Ociosa,18:55,19:15,20,1,1,,False,False,True,False,False,False,False,False,,,Classificação inferida pelo frontend por ausência de segmentos do solver
428,10,112,,10,4,commercial_trip,Viagem,19:15,20:00,45,1,2,5689,True,True,False,False,False,False,False,False,,,Classificação inferida pelo frontend por ausência de segmentos do solver
428,10,112,,10,5,commercial_trip,Viagem,20:00,20:24,24,2,1,5696,True,True,False,False,False,False,False,False,,,Classificação inferida pelo frontend por ausência de segmentos do solver
428,10,112,,10,6,idle,Ociosa,20:24,20:50,26,1,1,,False,False,True,False,False,False,False,False,,,Classificação inferida pelo frontend por ausência de segmentos do solver
428,2,112,,2,7,commercial_trip,Viagem,20:50,21:17,27,1,2,5705,True,True,False,False,False,False,False,False,,,Classificação inferida pelo frontend por ausência de segmentos do solver
428,2,112,,2,8,commercial_trip,Viagem,21:17,21:28,11,2,1,5708,True,True,False,False,False,False,False,False,,,Classificação inferida pelo frontend por ausência de segmentos do solver
428,14,113,,14,1,commercial_trip,Viagem,18:51,19:06,15,1,2,5672,True,True,False,False,False,False,False,False,,,Classificação inferida pelo frontend por ausência de segmentos do solver
428,14,113,,14,2,commercial_trip,Viagem,19:06,19:13,7,2,1,5674,True,True,False,False,False,False,False,False,,,Classificação inferida pelo frontend por ausência de segmentos do solver
428,14,113,,14,3,idle,Ociosa,19:13,19:40,27,1,1,,False,False,True,False,False,False,False,False,,,Classificação inferida pelo frontend por ausência de segmentos do solver
428,12,113,,12,4,commercial_trip,Viagem,19:40,20:25,45,1,2,5697,True,True,False,False,False,False,False,False,,,Classificação inferida pelo frontend por ausência de segmentos do solver
428,12,113,,12,5,commercial_trip,Viagem,20:25,20:49,24,2,1,5703,True,True,False,False,False,False,False,False,,,Classificação inferida pelo frontend por ausência de segmentos do solver
428,12,113,,12,6,normal_break,Intervalo normal,20:49,21:30,41,1,1,,False,False,False,True,False,False,False,False,,,Classificação inferida pelo frontend por ausência de segmentos do solver
428,14,113,,14,7,commercial_trip,Viagem,21:30,22:03,33,1,2,5711,True,True,False,False,False,False,False,False,,,Classificação inferida pelo frontend por ausência de segmentos do solver
428,14,113,,14,8,commercial_trip,Viagem,22:03,22:25,22,2,1,5713,True,True,False,False,False,False,False,False,,,Classificação inferida pelo frontend por ausência de segmentos do solver
428,11,114,,11,1,commercial_trip,Viagem,18:25,18:44,19,1,2,5665,True,True,False,False,False,False,False,False,,,Classificação inferida pelo frontend por ausência de segmentos do solver
428,11,114,,11,2,commercial_trip,Viagem,18:44,18:55,11,2,1,5668,True,True,False,False,False,False,False,False,,,Classificação inferida pelo frontend por ausência de segmentos do solver
428,11,114,,11,3,idle,Ociosa,18:55,19:20,25,1,1,,False,False,True,False,False,False,False,False,,,Classificação inferida pelo frontend por ausência de segmentos do solver
428,5,114,,5,4,commercial_trip,Viagem,19:20,19:39,19,1,2,5681,True,True,False,False,False,False,False,False,,,Classificação inferida pelo frontend por ausência de segmentos do solver
428,5,114,,5,5,commercial_trip,Viagem,19:39,19:48,9,2,1,5686,True,True,False,False,False,False,False,False,,,Classificação inferida pelo frontend por ausência de segmentos do solver
428,5,114,,5,6,idle,Ociosa,19:48,20:10,22,1,1,,False,False,True,False,False,False,False,False,,,Classificação inferida pelo frontend por ausência de segmentos do solver
428,5,114,,5,7,commercial_trip,Viagem,20:10,20:55,45,1,2,5704,True,True,False,False,False,False,False,False,,,Classificação inferida pelo frontend por ausência de segmentos do solver
428,5,114,,5,8,commercial_trip,Viagem,20:55,21:19,24,2,1,5706,True,True,False,False,False,False,False,False,,,Classificação inferida pelo frontend por ausência de segmentos do solver
428,5,114,,5,9,idle,Ociosa,21:19,21:35,16,1,1,,False,False,True,False,False,False,False,False,,,Classificação inferida pelo frontend por ausência de segmentos do solver
428,11,114,,11,10,commercial_trip,Viagem,21:35,22:02,27,1,2,5710,True,True,False,False,False,False,False,False,,,Classificação inferida pelo frontend por ausência de segmentos do solver
428,11,114,,11,11,commercial_trip,Viagem,22:02,22:13,11,2,1,5712,True,True,False,False,False,False,False,False,,,Classificação inferida pelo frontend por ausência de segmentos do solver
428,11,114,,11,12,normal_break,Intervalo normal,22:13,23:05,52,1,1,,False,False,False,True,False,False,False,False,,,Classificação inferida pelo frontend por ausência de segmentos do solver
428,12,114,,12,13,commercial_trip,Viagem,23:05,23:32,27,1,2,5718,True,True,False,False,False,False,False,False,,,Classificação inferida pelo frontend por ausência de segmentos do solver
428,12,114,,12,14,commercial_trip,Viagem,23:32,23:43,11,2,1,5719,True,True,False,False,False,False,False,False,,,Classificação inferida pelo frontend por ausência de segmentos do solver
428,13,115,,13,1,commercial_trip,Viagem,06:50,07:05,15,1,2,5473,True,True,False,False,False,False,False,False,,,Classificação inferida pelo frontend por ausência de segmentos do solver
428,13,115,,13,2,commercial_trip,Viagem,07:05,07:18,13,2,1,5479,True,True,False,False,False,False,False,False,,,Classificação inferida pelo frontend por ausência de segmentos do solver
428,12,116,,12,1,commercial_trip,Viagem,18:00,18:54,54,1,2,5667,True,True,False,False,False,False,False,False,,,Classificação inferida pelo frontend por ausência de segmentos do solver
428,12,116,,12,2,commercial_trip,Viagem,18:54,19:20,26,2,1,5677,True,True,False,False,False,False,False,False,,,Classificação inferida pelo frontend por ausência de segmentos do solver
428,12,116,,12,3,idle,Ociosa,19:20,19:40,20,1,1,,False,False,True,False,False,False,False,False,,,Classificação inferida pelo frontend por ausência de segmentos do solver
428,14,116,,14,4,commercial_trip,Viagem,19:40,19:59,19,1,2,5688,True,True,False,False,False,False,False,False,,,Classificação inferida pelo frontend por ausência de segmentos do solver
428,14,116,,14,5,commercial_trip,Viagem,19:59,20:08,9,2,1,5692,True,True,False,False,False,False,False,False,,,Classificação inferida pelo frontend por ausência de segmentos do solver
